-2.035937385863105131e+00,9.981618960337051982e-01,1.096365756656779156e-01
-2.025966121372074102e+00,9.992114258668969295e-01,1.096365756656779156e-01
-2.014314758815513251e+00,9.988108427516831922e-01,1.096365756656779156e-01
-2.001492085086961303e+00,9.994198235765867633e-01,1.096365756656779156e-01
-1.986683579454638471e+00,9.984133607730749649e-01,1.096365756656779156e-01
-1.971241376154121205e+00,9.956615476937883402e-01,1.096365756656779156e-01
-1.956112767504186944e+00,9.915984321851426531e-01,1.096365756656779156e-01
-1.941328192965117827e+00,9.883874487451663748e-01,1.096365756656779156e-01
-1.928415491545719007e+00,9.858395914593770515e-01,1.096365756656779156e-01
-1.917134604054449909e+00,9.829654746803799803e-01,1.096365756656779156e-01
-1.904256899853720153e+00,9.807221410508053516e-01,1.096365756656779156e-01
-1.889768290142509022e+00,9.780235624429610697e-01,1.096365756656779156e-01
-1.876351932316368210e+00,9.740421025126987375e-01,1.096365756656779156e-01
-1.861492216307130576e+00,9.690218360649321960e-01,1.096365756656779156e-01
-1.847977472975202318e+00,9.650404836870343228e-01,1.096365756656779156e-01
-1.835839795966200505e+00,9.625227291914846273e-01,1.096365756656779156e-01
-1.824357957779181527e+00,9.592357669995636993e-01,1.096365756656779156e-01
-1.813891653842724327e+00,9.566993360227781240e-01,1.096365756656779156e-01
-1.802532879079251193e+00,9.533154502583136569e-01,1.096365756656779156e-01
-1.791759719033043430e+00,9.488932414382890146e-01,1.096365756656779156e-01
-1.781149305621001266e+00,9.456444128294069218e-01,1.096365756656779156e-01
-1.769362606565762608e+00,9.440388796313718967e-01,1.096365756656779156e-01
-1.756174419263284214e+00,9.432636324781358272e-01,1.096365756656779156e-01
-1.744020577518141879e+00,9.434734047258359624e-01,1.096365756656779156e-01
-1.730985516840479521e+00,9.440055211493335596e-01,1.096365756656779156e-01
-1.719084132623449612e+00,9.443224116094390830e-01,1.096365756656779156e-01
-1.706595417431938211e+00,9.456807392099544352e-01,1.096365756656779156e-01
-1.692626608053712012e+00,9.477753742294009465e-01,1.096365756656779156e-01
-1.677588848821776280e+00,9.484557759633019947e-01,1.096365756656779156e-01
-1.661219861425438760e+00,9.506611648785098234e-01,1.096365756656779156e-01
-1.645683860316431435e+00,9.510723773342806275e-01,1.096365756656779156e-01
-1.630960712121409362e+00,9.518089058315094553e-01,1.096365756656779156e-01
-1.616432521475159589e+00,9.522065713911855855e-01,1.096365756656779156e-01
-1.601464707312200808e+00,9.527273322749578721e-01,1.096365756656779156e-01
-1.585680916665476170e+00,9.546159005283240129e-01,1.096365756656779156e-01
-1.569186676240522882e+00,9.573316838882591773e-01,1.096365756656779156e-01
-1.553483521067089201e+00,9.594683273946704727e-01,1.096365756656779156e-01
-1.538249737642167991e+00,9.612071403320767704e-01,1.096365756656779156e-01
-1.524579590178094524e+00,9.617944640420380553e-01,1.096365756656779156e-01
-1.511557696180319876e+00,9.633062623760443310e-01,1.096365756656779156e-01
-1.498958159759681941e+00,9.643502921252855575e-01,1.096365756656779156e-01
-1.487880702125441656e+00,9.653649237479979828e-01,1.096365756656779156e-01
-1.475649352011961790e+00,9.662067296844374376e-01,1.096365756656779156e-01
-1.463608821799497584e+00,9.671620374365791362e-01,1.096365756656779156e-01
-1.451124411963757188e+00,9.670561380543989394e-01,1.096365756656779156e-01
-1.440518555854479965e+00,9.686371795423323050e-01,1.096365756656779156e-01
-1.429171880630365044e+00,9.683529322422611552e-01,1.096365756656779156e-01
-1.417095811378244585e+00,9.665669142679518266e-01,1.096365756656779156e-01
-1.406325880556094310e+00,9.663551476844134402e-01,1.096365756656779156e-01
-1.396051653695599137e+00,9.641553740145990536e-01,1.096365756656779156e-01
-1.384830055375860791e+00,9.606070041025427386e-01,1.096365756656779156e-01
-1.374418614209278688e+00,9.586558442587812534e-01,1.096365756656779156e-01
-1.364150612353887793e+00,9.560748908377156852e-01,1.096365756656779156e-01
-1.352345200981369011e+00,9.551163866573934014e-01,1.096365756656779156e-01
-1.339267392779513344e+00,9.552762664564504735e-01,1.096365756656779156e-01
-1.325343670214023550e+00,9.554782330334721241e-01,1.096365756656779156e-01
-1.311103125329438956e+00,9.560764111609135751e-01,1.096365756656779156e-01
-1.296173318426728116e+00,9.554995224347739846e-01,1.096365756656779156e-01
-1.280095576186607298e+00,9.542508197312165041e-01,1.096365756656779156e-01
-1.264352730850360151e+00,9.511583664265779170e-01,1.096365756656779156e-01
-1.247110153336724148e+00,9.472351318085211469e-01,1.096365756656779156e-01
-1.230409926405988896e+00,9.425449196247609462e-01,1.096365756656779156e-01
-1.215029804514969669e+00,9.362686247589150357e-01,1.096365756656779156e-01
-1.198838835922699131e+00,9.289849766574669321e-01,1.096365756656779156e-01
-1.184599816557403873e+00,9.213174583245108407e-01,1.096365756656779156e-01
-1.172367417437848891e+00,9.145576967393819201e-01,1.096365756656779156e-01
-1.160980675758812142e+00,9.079626414356077868e-01,1.096365756656779156e-01
-1.148199545248137943e+00,9.027151899236650623e-01,1.096365756656779156e-01
-1.136224377284403175e+00,8.976960447614200644e-01,1.096365756656779156e-01
-1.122418357741288952e+00,8.911028731353731747e-01,1.096365756656779156e-01
-1.109121244873576995e+00,8.851759785071834363e-01,1.096365756656779156e-01
-1.096228158716973988e+00,8.787020993765007892e-01,1.096365756656779156e-01
-1.085165838580726572e+00,8.711549507353026911e-01,1.096365756656779156e-01
-1.072596343738295488e+00,8.622241369171246284e-01,1.096365756656779156e-01
-1.059693206046461444e+00,8.547960049665183080e-01,1.096365756656779156e-01
-1.045439726421817150e+00,8.474118826412361249e-01,1.096365756656779156e-01
-1.032910933088051708e+00,8.407194837374047935e-01,1.096365756656779156e-01
-1.021427809219708216e+00,8.322030899098059598e-01,1.096365756656779156e-01
-1.009935134072817320e+00,8.225381069407206036e-01,1.096365756656779156e-01
-9.978588549433875521e-01,8.113660114064010775e-01,1.096365756656779156e-01
-9.843256015518002666e-01,8.018702316848989042e-01,1.096365756656779156e-01
-9.702935981620487427e-01,7.912382521730481066e-01,1.096365756656779156e-01
-9.543901781497242665e-01,7.798300543787527461e-01,1.096365756656779156e-01
-9.394374359167626531e-01,7.703237103771877203e-01,1.096365756656779156e-01
-9.260315824004571317e-01,7.613986303314529414e-01,1.096365756656779156e-01
-9.109098670741040404e-01,7.542874820879772457e-01,1.096365756656779156e-01
-8.965216480436698498e-01,7.476932973522800729e-01,1.096365756656779156e-01
-8.821574150727393704e-01,7.402473568875121979e-01,1.096365756656779156e-01
-8.677570441725427353e-01,7.347112341807509051e-01,1.096365756656779156e-01
-8.548287244752102998e-01,7.294783514257440205e-01,1.096365756656779156e-01
-8.418279046714400859e-01,7.244594968614977981e-01,1.096365756656779156e-01
-8.304201978173694210e-01,7.208294466598168526e-01,1.096365756656779156e-01
-8.181443728010325822e-01,7.172036503787017070e-01,1.096365756656779156e-01
-8.076335256987707822e-01,7.149200787457530293e-01,1.096365756656779156e-01
-7.974503176878691146e-01,7.134671524171216639e-01,1.096365756656779156e-01
-7.872538627779351872e-01,7.120779100882920210e-01,1.096365756656779156e-01
-7.768459959744542509e-01,7.089609994283095906e-01,1.096365756656779156e-01
-7.647741846524034326e-01,7.067981601407339332e-01,1.096365756656779156e-01
-7.530061832982936076e-01,7.027812001054493107e-01,1.096365756656779156e-01
-7.421553095512232190e-01,6.969501214103224207e-01,1.096365756656779156e-01
-7.314475088804194280e-01,6.924396686318167182e-01,1.096365756656779156e-01
-7.198641348552520247e-01,6.870507438327978500e-01,1.096365756656779156e-01
-7.087401195474685167e-01,6.817084561002297871e-01,1.096365756656779156e-01
-6.958760659190353914e-01,6.764127516410336494e-01,1.096365756656779156e-01
-6.817962215744478582e-01,6.701256703716230723e-01,1.096365756656779156e-01
-6.684728810326595605e-01,6.629631416547242528e-01,1.096365756656779156e-01
-6.545441011515095164e-01,6.565875236632714440e-01,1.096365756656779156e-01
-6.414940559834736433e-01,6.492073157197038036e-01,1.096365756656779156e-01
-6.304600064163298212e-01,6.433767993847825384e-01,1.096365756656779156e-01
-6.180134306622291351e-01,6.382270996668992780e-01,1.096365756656779156e-01
-6.042561030792875654e-01,6.327206161413833074e-01,1.096365756656779156e-01
-5.891633962381378486e-01,6.255865709226395843e-01,1.096365756656779156e-01
-5.727314542210543147e-01,6.190627537285094961e-01,1.096365756656779156e-01
-5.553099238199181720e-01,6.110733778746064715e-01,1.096365756656779156e-01
-5.382473807750399741e-01,6.035766816658016953e-01,1.096365756656779156e-01
-5.217584320137640397e-01,5.976971164642653767e-01,1.096365756656779156e-01
-5.045688203795652971e-01,5.936659604104611576e-01,1.096365756656779156e-01
-4.877934729068831299e-01,5.904968430817294500e-01,1.096365756656779156e-01
-4.723615552767453374e-01,5.880402131203870120e-01,1.096365756656779156e-01
-4.581504132513922189e-01,5.859307880342425889e-01,1.096365756656779156e-01
-4.454750358303312119e-01,5.828849909346551783e-01,1.096365756656779156e-01
-4.316043228999201786e-01,5.787671213445328977e-01,1.096365756656779156e-01
-4.181954806303653238e-01,5.750433181787147907e-01,1.096365756656779156e-01
-4.064987599509332084e-01,5.716250957526936016e-01,1.096365756656779156e-01
-3.958337232994045829e-01,5.685080942548872418e-01,1.096365756656779156e-01
-3.849268492913872075e-01,5.653768826275149539e-01,1.096365756656779156e-01
-3.728120833919173482e-01,5.623051979279446444e-01,1.096365756656779156e-01
-3.595559514780282129e-01,5.580730928879442665e-01,1.096365756656779156e-01
-3.468147052850741874e-01,5.549246919640494768e-01,1.096365756656779156e-01
-3.331995052030266025e-01,5.526118571181647399e-01,1.096365756656779156e-01
-3.179221051497807538e-01,5.522320980732816631e-01,1.096365756656779156e-01
-3.012244217347503361e-01,5.535214632972969007e-01,1.096365756656779156e-01
-2.839795670361836555e-01,5.541477366134276439e-01,1.096365756656779156e-01
-2.686795440309955874e-01,5.542313578377350280e-01,1.096365756656779156e-01
-2.516693660116189890e-01,5.542496811258230682e-01,1.096365756656779156e-01
-2.344834525401926772e-01,5.543863826870385481e-01,1.096365756656779156e-01
-2.171035995132312990e-01,5.557027038283568476e-01,1.096365756656779156e-01
-2.005943361242311929e-01,5.564295437440484049e-01,1.096365756656779156e-01
-1.850690621239224065e-01,5.573487768429314926e-01,1.096365756656779156e-01
-1.701709284984901094e-01,5.573696899018317774e-01,1.096365756656779156e-01
-1.535243001005711372e-01,5.565000791365017907e-01,1.096365756656779156e-01
-1.363112999270990333e-01,5.558889982720905953e-01,1.096365756656779156e-01
-1.200999344724282408e-01,5.545400161069443667e-01,1.096365756656779156e-01
-1.040435624400964931e-01,5.528998766488291139e-01,1.096365756656779156e-01
-8.990991328833712604e-02,5.528349032935476748e-01,1.096365756656779156e-01
-7.662475771233782929e-02,5.542733735110639826e-01,1.096365756656779156e-01
-6.188184304485576381e-02,5.553045804749676684e-01,1.096365756656779156e-01
-4.836379007374279337e-02,5.547529277649773105e-01,1.096365756656779156e-01
-3.563485261236061519e-02,5.544301881972295565e-01,1.096365756656779156e-01
-2.353134432072302024e-02,5.528625747483588704e-01,1.096365756656779156e-01
-1.266220516126016424e-02,5.529216431667064446e-01,1.096365756656779156e-01
-2.529910792055804422e-03,5.517003509329233557e-01,1.096365756656779156e-01
7.633461669695425222e-03,5.490194257969749358e-01,1.096365756656779156e-01
1.942076005658957202e-02,5.443726716633092710e-01,1.096365756656779156e-01
3.219696987008564826e-02,5.395825869287469434e-01,1.096365756656779156e-01
4.649640821235960508e-02,5.343970692999502337e-01,1.096365756656779156e-01
6.173089673541870548e-02,5.302173578109899976e-01,1.096365756656779156e-01
7.792854962471545965e-02,5.271501085819798593e-01,1.096365756656779156e-01
9.540001914800926019e-02,5.246069072329900829e-01,1.096365756656779156e-01
1.124163493340374353e-01,5.224805380281796197e-01,1.096365756656779156e-01
1.275269293839306206e-01,5.183202199752631190e-01,1.096365756656779156e-01
1.431855253407124384e-01,5.144191012017363951e-01,1.096365756656779156e-01
1.578411453513060281e-01,5.109635038096045356e-01,1.096365756656779156e-01
1.706594727638504616e-01,5.062606622691880887e-01,1.096365756656779156e-01
1.834048888715510972e-01,5.007406008154686727e-01,1.096365756656779156e-01
1.946891138601556936e-01,4.933914883857064004e-01,1.096365756656779156e-01
2.060991856396272026e-01,4.848518833094273006e-01,1.096365756656779156e-01
2.190794366764039769e-01,4.774098576818256445e-01,1.096365756656779156e-01
2.305510081025927693e-01,4.697938368623880145e-01,1.096365756656779156e-01
2.412456262219304370e-01,4.640496052393879300e-01,1.096365756656779156e-01
2.503877879250059890e-01,4.568233615021166094e-01,1.096365756656779156e-01
2.612010951702931072e-01,4.505918952401723465e-01,1.096365756656779156e-01
2.705033154710085319e-01,4.439991563883789460e-01,1.096365756656779156e-01
2.814910497386630128e-01,4.374102819641751960e-01,1.096365756656779156e-01
2.901565409501726256e-01,4.293756137254331473e-01,1.096365756656779156e-01
2.988037100881967278e-01,4.229944925015288182e-01,1.096365756656779156e-01
3.083140973897729453e-01,4.166954767595564268e-01,1.096365756656779156e-01
3.173331335432606481e-01,4.093306958573152965e-01,1.096365756656779156e-01
3.263671626179300844e-01,4.001704646773017737e-01,1.096365756656779156e-01
3.343417490173246076e-01,3.915684673101330060e-01,1.096365756656779156e-01
3.436411146402445493e-01,3.829634997259823703e-01,1.096365756656779156e-01
3.535345497332291198e-01,3.740856851279127926e-01,1.096365756656779156e-01
3.638579059299130170e-01,3.654006424104734863e-01,1.096365756656779156e-01
3.724326981476522858e-01,3.577777515926962582e-01,1.096365756656779156e-01
3.827134461695819723e-01,3.503474037758282367e-01,1.096365756656779156e-01
3.942363518270212697e-01,3.429921520162497739e-01,1.096365756656779156e-01
4.054123629245001137e-01,3.344149290922663886e-01,1.096365756656779156e-01
4.170851811573268453e-01,3.250048219095332813e-01,1.096365756656779156e-01
4.287555933811364461e-01,3.167062386332773483e-01,1.096365756656779156e-01
4.398851117472292183e-01,3.071991420288340824e-01,1.096365756656779156e-01
4.511914541995450389e-01,2.985462109376503803e-01,1.096365756656779156e-01
4.625844930146043588e-01,2.916286151705045349e-01,1.096365756656779156e-01
4.751847857886851156e-01,2.841026907016863112e-01,1.096365756656779156e-01
4.858262463894965077e-01,2.765060275061050343e-01,1.096365756656779156e-01
4.973039571517226531e-01,2.681017536110728017e-01,1.096365756656779156e-01
5.070073941893219471e-01,2.601765250395144946e-01,1.096365756656779156e-01
5.148118868779488766e-01,2.528661872288572310e-01,1.096365756656779156e-01
5.224222030292283714e-01,2.461052568444898614e-01,1.096365756656779156e-01
5.314000811277369563e-01,2.379259072887304205e-01,1.096365756656779156e-01
5.390131714230449456e-01,2.312233471799489681e-01,1.096365756656779156e-01
5.481002358377123906e-01,2.251366536314848843e-01,1.096365756656779156e-01
5.573977641743049771e-01,2.210845077121390279e-01,1.096365756656779156e-01
5.670457330932581197e-01,2.175174402933230111e-01,1.096365756656779156e-01
5.760737336019612354e-01,2.129988893721293519e-01,1.096365756656779156e-01
5.854433822306438495e-01,2.059781445050997417e-01,1.096365756656779156e-01
5.935719897456166461e-01,2.001533412165802106e-01,1.096365756656779156e-01
6.021798705391399054e-01,1.937636603462540574e-01,1.096365756656779156e-01
6.125078616856536318e-01,1.883268952923837780e-01,1.096365756656779156e-01
6.225249440632014686e-01,1.832251366796821823e-01,1.096365756656779156e-01
6.319373370813761159e-01,1.784392570092373786e-01,1.096365756656779156e-01
6.412207961001989975e-01,1.722723030748078421e-01,1.096365756656779156e-01
6.489404587544820302e-01,1.650005637957557836e-01,1.096365756656779156e-01
6.568001310108024793e-01,1.571495144154051726e-01,1.096365756656779156e-01
6.663288749406287570e-01,1.502408319363516542e-01,1.096365756656779156e-01
6.774834849351436539e-01,1.435680041323998402e-01,1.096365756656779156e-01
6.868351331435459395e-01,1.368935712120155079e-01,1.096365756656779156e-01
6.953227087410074336e-01,1.289156137470961194e-01,1.096365756656779156e-01
7.046320719442450420e-01,1.199595575542193732e-01,1.096365756656779156e-01
7.142925027017447137e-01,1.091414279057151410e-01,1.096365756656779156e-01
7.234525976320559382e-01,1.000414770404927794e-01,1.096365756656779156e-01
7.323993444628633664e-01,8.821672491039440900e-02,1.096365756656779156e-01
7.390470333022676197e-01,7.648663094823766884e-02,1.096365756656779156e-01
7.454195589678341838e-01,6.642775523165342366e-02,1.096365756656779156e-01
7.522292671048489421e-01,5.856362839624829064e-02,1.096365756656779156e-01
7.582845262311698198e-01,4.980885708037057630e-02,1.096365756656779156e-01
7.654036614123519433e-01,4.063211096250499837e-02,1.096365756656779156e-01
7.717992158434626715e-01,3.146684943358537406e-02,1.096365756656779156e-01
7.779790682215931286e-01,2.144662674981835659e-02,1.096365756656779156e-01
7.863136543785054222e-01,1.094073721176189520e-02,1.096365756656779156e-01
7.951852432264590043e-01,-9.725031668925045863e-04,1.096365756656779156e-01
8.024232539903244366e-01,-1.228165072776428272e-02,1.096365756656779156e-01
8.112458481843330960e-01,-2.445665817625603672e-02,1.096365756656779156e-01
8.218165961232335448e-01,-3.708461872346438537e-02,1.096365756656779156e-01
8.305306216990006041e-01,-4.881942416274395735e-02,1.096365756656779156e-01
8.394411705634792220e-01,-5.810322378740861993e-02,1.096365756656779156e-01
8.484972903509268027e-01,-6.603730957927048117e-02,1.096365756656779156e-01
8.574750753053435037e-01,-7.609343413500752051e-02,1.096365756656779156e-01
8.652363341885891401e-01,-8.546250698735399776e-02,1.096365756656779156e-01
8.746965872215496374e-01,-9.507681875814717742e-02,1.096365756656779156e-01
8.831668481832172235e-01,-1.036005227569374576e-01,1.096365756656779156e-01
8.929360477077160629e-01,-1.134280528133658622e-01,1.096365756656779156e-01
9.027839131745299950e-01,-1.235407152331138014e-01,1.096365756656779156e-01
9.107363403655853729e-01,-1.346392611033391806e-01,1.096365756656779156e-01
9.197972604098774152e-01,-1.465073421027676126e-01,1.096365756656779156e-01
9.273865717340976644e-01,-1.576729202354886783e-01,1.096365756656779156e-01
9.359035136281930178e-01,-1.703043540996666272e-01,1.096365756656779156e-01
9.426970936855002536e-01,-1.833287876601274458e-01,1.096365756656779156e-01
9.517908384954003598e-01,-1.972282061149642218e-01,1.096365756656779156e-01
9.626894412012648727e-01,-2.119358493324300374e-01,1.096365756656779156e-01
9.748949574963634568e-01,-2.264858862451513688e-01,1.096365756656779156e-01
9.870677110211794059e-01,-2.424028409041042442e-01,1.096365756656779156e-01
9.977702398095285030e-01,-2.587140794295279544e-01,1.096365756656779156e-01
1.006238349193220083e+00,-2.745725918320427450e-01,1.096365756656779156e-01
1.013942721987346918e+00,-2.912494722429581073e-01,1.096365756656779156e-01
1.021619525109006332e+00,-3.099199183416265768e-01,1.096365756656779156e-01
1.029900373679967895e+00,-3.281661680050718122e-01,1.096365756656779156e-01
1.037184673327547380e+00,-3.465357962624382449e-01,1.096365756656779156e-01
1.045803928286143103e+00,-3.662353544606294919e-01,1.096365756656779156e-01
1.052204637260876208e+00,-3.866941029352305437e-01,1.096365756656779156e-01
1.059516555645534153e+00,-4.051571218360019988e-01,1.096365756656779156e-01
1.066831953753695661e+00,-4.239333211328380480e-01,1.096365756656779156e-01
1.071919792244546921e+00,-4.423924447002010041e-01,1.096365756656779156e-01
1.077514469560880483e+00,-4.595556853045059120e-01,1.096365756656779156e-01
1.084574451323278677e+00,-4.757420185554961378e-01,1.096365756656779156e-01
1.089552767191571903e+00,-4.908711330547801399e-01,1.096365756656779156e-01
1.094742580395272835e+00,-5.059345602037240708e-01,1.096365756656779156e-01
1.100972255676913925e+00,-5.225837228843254190e-01,1.096365756656779156e-01
1.108038695887487712e+00,-5.371011221311285944e-01,1.096365756656779156e-01
1.114200002291412694e+00,-5.514058489712303501e-01,1.096365756656779156e-01
1.120412915286046029e+00,-5.661110110165135101e-01,1.096365756656779156e-01
1.127390271204025129e+00,-5.819566640703116578e-01,1.096365756656779156e-01
1.135747776782009444e+00,-5.971296937588264075e-01,1.096365756656779156e-01
1.144517420039503408e+00,-6.106212389225955661e-01,1.096365756656779156e-01
1.154702652686333320e+00,-6.234236600802224304e-01,1.096365756656779156e-01
1.165379312482023533e+00,-6.361920792155854043e-01,1.096365756656779156e-01
1.176075419461985128e+00,-6.478590352124595775e-01,1.096365756656779156e-01
1.185665268737049027e+00,-6.614747013888833127e-01,1.096365756656779156e-01
1.194377019914524718e+00,-6.752750672070564342e-01,1.096365756656779156e-01
1.202010578361117910e+00,-6.894691350860510104e-01,1.096365756656779156e-01
1.211089217999606893e+00,-7.033393569006499702e-01,1.096365756656779156e-01
1.219167303273578806e+00,-7.185982576588063608e-01,1.096365756656779156e-01
1.226209881366330245e+00,-7.320450415453079174e-01,1.096365756656779156e-01
1.234051991971546025e+00,-7.463294556044836048e-01,1.096365756656779156e-01
1.243619259842510205e+00,-7.593771729329013009e-01,1.096365756656779156e-01
1.251697182876180925e+00,-7.737834177624270948e-01,1.096365756656779156e-01
1.261404352379784655e+00,-7.882761637351372030e-01,1.096365756656779156e-01
1.269357045555745911e+00,-8.018152159296145776e-01,1.096365756656779156e-01
1.276373212648782340e+00,-8.169809378071494210e-01,1.096365756656779156e-01
1.283388148541692031e+00,-8.324393323705203684e-01,1.096365756656779156e-01
1.289732478628400791e+00,-8.462245632821833174e-01,1.096365756656779156e-01
1.297241699654258174e+00,-8.621665976333732218e-01,1.096365756656779156e-01
1.306634016413108945e+00,-8.770556536333085074e-01,1.096365756656779156e-01
1.316471278487709284e+00,-8.940834144357083790e-01,1.096365756656779156e-01
1.324588934839524335e+00,-9.117054666994239831e-01,1.096365756656779156e-01
1.332973207181575859e+00,-9.310144969530088632e-01,1.096365756656779156e-01
1.342835191336413159e+00,-9.505468517787867277e-01,1.096365756656779156e-01
1.351241878343270697e+00,-9.700021366528912559e-01,1.096365756656779156e-01
1.358793818898198058e+00,-9.877221094902914889e-01,1.096365756656779156e-01
1.366593843988077372e+00,-1.007089330404063787e+00,1.096365756656779156e-01
1.376081773581105727e+00,-1.025610926020410929e+00,1.096365756656779156e-01
