vx,vy,omega,theta
0.000000000000000000e+00,0.000000000000000000e+00,0.000000000000000000e+00,0.000000000000000000e+00
3.448275862068965469e-02,0.000000000000000000e+00,0.000000000000000000e+00,0.000000000000000000e+00
6.896551724137930939e-02,0.000000000000000000e+00,0.000000000000000000e+00,0.000000000000000000e+00
1.034482758620689780e-01,0.000000000000000000e+00,0.000000000000000000e+00,0.000000000000000000e+00
1.379310344827586188e-01,0.000000000000000000e+00,0.000000000000000000e+00,0.000000000000000000e+00
1.724137931034482873e-01,0.000000000000000000e+00,0.000000000000000000e+00,0.000000000000000000e+00
2.068965517241379559e-01,0.000000000000000000e+00,0.000000000000000000e+00,0.000000000000000000e+00
2.413793103448275690e-01,0.000000000000000000e+00,0.000000000000000000e+00,0.000000000000000000e+00
2.758620689655172376e-01,0.000000000000000000e+00,0.000000000000000000e+00,0.000000000000000000e+00
3.103448275862069616e-01,0.000000000000000000e+00,0.000000000000000000e+00,0.000000000000000000e+00
3.448275862068965747e-01,0.000000000000000000e+00,0.000000000000000000e+00,0.000000000000000000e+00
3.793103448275861878e-01,0.000000000000000000e+00,0.000000000000000000e+00,0.000000000000000000e+00
4.137931034482759118e-01,0.000000000000000000e+00,0.000000000000000000e+00,0.000000000000000000e+00
4.482758620689655804e-01,0.000000000000000000e+00,0.000000000000000000e+00,0.000000000000000000e+00
4.827586206896551380e-01,0.000000000000000000e+00,0.000000000000000000e+00,0.000000000000000000e+00
5.172413793103448620e-01,0.000000000000000000e+00,0.000000000000000000e+00,0.000000000000000000e+00
5.517241379310344751e-01,0.000000000000000000e+00,0.000000000000000000e+00,0.000000000000000000e+00
5.862068965517241992e-01,0.000000000000000000e+00,0.000000000000000000e+00,0.000000000000000000e+00
6.206896551724139233e-01,0.000000000000000000e+00,0.000000000000000000e+00,0.000000000000000000e+00
6.551724137931034253e-01,0.000000000000000000e+00,0.000000000000000000e+00,0.000000000000000000e+00
6.896551724137931494e-01,0.000000000000000000e+00,0.000000000000000000e+00,0.000000000000000000e+00
7.241379310344828735e-01,0.000000000000000000e+00,0.000000000000000000e+00,0.000000000000000000e+00
7.586206896551723755e-01,0.000000000000000000e+00,0.000000000000000000e+00,0.000000000000000000e+00
7.931034482758620996e-01,0.000000000000000000e+00,0.000000000000000000e+00,0.000000000000000000e+00
8.275862068965518237e-01,0.000000000000000000e+00,0.000000000000000000e+00,0.000000000000000000e+00
8.620689655172414367e-01,0.000000000000000000e+00,0.000000000000000000e+00,0.000000000000000000e+00
8.965517241379311608e-01,0.000000000000000000e+00,0.000000000000000000e+00,0.000000000000000000e+00
9.310344827586207739e-01,0.000000000000000000e+00,0.000000000000000000e+00,0.000000000000000000e+00
9.655172413793102759e-01,0.000000000000000000e+00,0.000000000000000000e+00,0.000000000000000000e+00
1.000000000000000000e+00,0.000000000000000000e+00,0.000000000000000000e+00,0.000000000000000000e+00
1.000000000000000000e+00,0.000000000000000000e+00,0.000000000000000000e+00,0.000000000000000000e+00
1.000000000000000000e+00,0.000000000000000000e+00,0.000000000000000000e+00,0.000000000000000000e+00
1.000000000000000000e+00,0.000000000000000000e+00,0.000000000000000000e+00,0.000000000000000000e+00
1.000000000000000000e+00,0.000000000000000000e+00,0.000000000000000000e+00,0.000000000000000000e+00
1.000000000000000000e+00,0.000000000000000000e+00,0.000000000000000000e+00,0.000000000000000000e+00
1.000000000000000000e+00,0.000000000000000000e+00,0.000000000000000000e+00,0.000000000000000000e+00
1.000000000000000000e+00,0.000000000000000000e+00,0.000000000000000000e+00,0.000000000000000000e+00
1.000000000000000000e+00,0.000000000000000000e+00,0.000000000000000000e+00,0.000000000000000000e+00
1.000000000000000000e+00,0.000000000000000000e+00,0.000000000000000000e+00,0.000000000000000000e+00
1.000000000000000000e+00,0.000000000000000000e+00,0.000000000000000000e+00,0.000000000000000000e+00
1.000000000000000000e+00,0.000000000000000000e+00,5.235987755982989267e-01,0.000000000000000000e+00
1.000000000000000000e+00,0.000000000000000000e+00,5.235987755982989267e-01,2.617993950843811035e-02
1.000000000000000000e+00,0.000000000000000000e+00,5.235987755982989267e-01,5.235987901687622070e-02
1.000000000000000000e+00,0.000000000000000000e+00,5.235987755982989267e-01,7.853981852531433105e-02
1.000000000000000000e+00,0.000000000000000000e+00,5.235987755982989267e-01,1.047197580337524414e-01
1.000000000000000000e+00,0.000000000000000000e+00,5.235987755982989267e-01,1.308996975421905518e-01
1.000000000000000000e+00,0.000000000000000000e+00,5.235987755982989267e-01,1.570796370506286621e-01
1.000000000000000000e+00,0.000000000000000000e+00,5.235987755982989267e-01,1.832595765590667725e-01
1.000000000000000000e+00,0.000000000000000000e+00,5.235987755982989267e-01,2.094395160675048828e-01
1.000000000000000000e+00,0.000000000000000000e+00,5.235987755982989267e-01,2.356194555759429932e-01
1.000000000000000000e+00,0.000000000000000000e+00,5.235987755982989267e-01,2.617993950843811035e-01
1.000000000000000000e+00,0.000000000000000000e+00,5.235987755982989267e-01,2.879793345928192139e-01
1.000000000000000000e+00,0.000000000000000000e+00,5.235987755982989267e-01,3.141592741012573242e-01
1.000000000000000000e+00,0.000000000000000000e+00,5.235987755982989267e-01,3.403392136096954346e-01
1.000000000000000000e+00,0.000000000000000000e+00,5.235987755982989267e-01,3.665191531181335449e-01
1.000000000000000000e+00,0.000000000000000000e+00,5.235987755982989267e-01,3.926990926265716553e-01
1.000000000000000000e+00,0.000000000000000000e+00,5.235987755982989267e-01,4.188790321350097656e-01
1.000000000000000000e+00,0.000000000000000000e+00,5.235987755982989267e-01,4.450589716434478760e-01
1.000000000000000000e+00,0.000000000000000000e+00,5.235987755982989267e-01,4.712389111518859863e-01
1.000000000000000000e+00,0.000000000000000000e+00,5.235987755982989267e-01,4.974188506603240967e-01
1.000000000000000000e+00,0.000000000000000000e+00,5.235987755982989267e-01,5.235987901687622070e-01
1.000000000000000000e+00,0.000000000000000000e+00,5.235987755982989267e-01,5.497786998748779297e-01
1.000000000000000000e+00,0.000000000000000000e+00,5.235987755982989267e-01,5.759586095809936523e-01
1.000000000000000000e+00,0.000000000000000000e+00,5.235987755982989267e-01,6.021385192871093750e-01
1.000000000000000000e+00,0.000000000000000000e+00,5.235987755982989267e-01,6.283184289932250977e-01
1.000000000000000000e+00,0.000000000000000000e+00,5.235987755982989267e-01,6.544983386993408203e-01
1.000000000000000000e+00,0.000000000000000000e+00,5.235987755982989267e-01,6.806782484054565430e-01
1.000000000000000000e+00,0.000000000000000000e+00,5.235987755982989267e-01,7.068581581115722656e-01
1.000000000000000000e+00,0.000000000000000000e+00,5.235987755982989267e-01,7.330380678176879883e-01
1.000000000000000000e+00,0.000000000000000000e+00,5.235987755982989267e-01,7.592179775238037109e-01
1.000000000000000000e+00,0.000000000000000000e+00,5.235987755982989267e-01,7.853978872299194336e-01
1.000000000000000000e+00,0.000000000000000000e+00,5.235987755982989267e-01,8.115777969360351562e-01
1.000000000000000000e+00,0.000000000000000000e+00,5.235987755982989267e-01,8.377577066421508789e-01
1.000000000000000000e+00,0.000000000000000000e+00,5.235987755982989267e-01,8.639376163482666016e-01
1.000000000000000000e+00,0.000000000000000000e+00,5.235987755982989267e-01,8.901175260543823242e-01
1.000000000000000000e+00,0.000000000000000000e+00,5.235987755982989267e-01,9.162974357604980469e-01
1.000000000000000000e+00,0.000000000000000000e+00,5.235987755982989267e-01,9.424773454666137695e-01
1.000000000000000000e+00,0.000000000000000000e+00,5.235987755982989267e-01,9.686572551727294922e-01
1.000000000000000000e+00,0.000000000000000000e+00,5.235987755982989267e-01,9.948371648788452148e-01
1.000000000000000000e+00,0.000000000000000000e+00,5.235987755982989267e-01,1.021017074584960938e+00
1.000000000000000000e+00,0.000000000000000000e+00,5.235987755982989267e-01,1.047196984291076660e+00
1.000000000000000000e+00,0.000000000000000000e+00,5.235987755982989267e-01,1.073376893997192383e+00
1.000000000000000000e+00,0.000000000000000000e+00,5.235987755982989267e-01,1.099556803703308105e+00
1.000000000000000000e+00,0.000000000000000000e+00,5.235987755982989267e-01,1.125736713409423828e+00
1.000000000000000000e+00,0.000000000000000000e+00,5.235987755982989267e-01,1.151916623115539551e+00
1.000000000000000000e+00,0.000000000000000000e+00,5.235987755982989267e-01,1.178096532821655273e+00
1.000000000000000000e+00,0.000000000000000000e+00,5.235987755982989267e-01,1.204276442527770996e+00
1.000000000000000000e+00,0.000000000000000000e+00,5.235987755982989267e-01,1.230456352233886719e+00
1.000000000000000000e+00,0.000000000000000000e+00,5.235987755982989267e-01,1.256636261940002441e+00
1.000000000000000000e+00,0.000000000000000000e+00,5.235987755982989267e-01,1.282816171646118164e+00
1.000000000000000000e+00,0.000000000000000000e+00,5.235987755982989267e-01,1.308996081352233887e+00
1.000000000000000000e+00,0.000000000000000000e+00,5.235987755982989267e-01,1.335175991058349609e+00
1.000000000000000000e+00,0.000000000000000000e+00,5.235987755982989267e-01,1.361355900764465332e+00
1.000000000000000000e+00,0.000000000000000000e+00,5.235987755982989267e-01,1.387535810470581055e+00
1.000000000000000000e+00,0.000000000000000000e+00,5.235987755982989267e-01,1.413715720176696777e+00
1.000000000000000000e+00,0.000000000000000000e+00,5.235987755982989267e-01,1.439895629882812500e+00
1.000000000000000000e+00,0.000000000000000000e+00,5.235987755982989267e-01,1.466075539588928223e+00
1.000000000000000000e+00,0.000000000000000000e+00,5.235987755982989267e-01,1.492255449295043945e+00
1.000000000000000000e+00,0.000000000000000000e+00,5.235987755982989267e-01,1.518435359001159668e+00
1.000000000000000000e+00,0.000000000000000000e+00,5.235987755982989267e-01,1.544615268707275391e+00
1.000000000000000000e+00,0.000000000000000000e+00,5.235987755982989267e-01,1.570795178413391113e+00
1.000000000000000000e+00,0.000000000000000000e+00,5.235987755982989267e-01,1.596975088119506836e+00
1.000000000000000000e+00,0.000000000000000000e+00,5.235987755982989267e-01,1.623154997825622559e+00
1.000000000000000000e+00,0.000000000000000000e+00,5.235987755982989267e-01,1.649334907531738281e+00
1.000000000000000000e+00,0.000000000000000000e+00,5.235987755982989267e-01,1.675514817237854004e+00
1.000000000000000000e+00,0.000000000000000000e+00,5.235987755982989267e-01,1.701694726943969727e+00
1.000000000000000000e+00,0.000000000000000000e+00,5.235987755982989267e-01,1.727874636650085449e+00
1.000000000000000000e+00,0.000000000000000000e+00,5.235987755982989267e-01,1.754054546356201172e+00
1.000000000000000000e+00,0.000000000000000000e+00,5.235987755982989267e-01,1.780234456062316895e+00
1.000000000000000000e+00,0.000000000000000000e+00,5.235987755982989267e-01,1.806414365768432617e+00
1.000000000000000000e+00,0.000000000000000000e+00,5.235987755982989267e-01,1.832594275474548340e+00
1.000000000000000000e+00,0.000000000000000000e+00,5.235987755982989267e-01,1.858774185180664062e+00
1.000000000000000000e+00,0.000000000000000000e+00,5.235987755982989267e-01,1.884954094886779785e+00
1.000000000000000000e+00,0.000000000000000000e+00,5.235987755982989267e-01,1.911134004592895508e+00
1.000000000000000000e+00,0.000000000000000000e+00,5.235987755982989267e-01,1.937313914299011230e+00
1.000000000000000000e+00,0.000000000000000000e+00,5.235987755982989267e-01,1.963493824005126953e+00
1.000000000000000000e+00,0.000000000000000000e+00,5.235987755982989267e-01,1.989673733711242676e+00
1.000000000000000000e+00,0.000000000000000000e+00,5.235987755982989267e-01,2.015853643417358398e+00
1.000000000000000000e+00,0.000000000000000000e+00,5.235987755982989267e-01,2.042033672332763672e+00
1.000000000000000000e+00,0.000000000000000000e+00,5.235987755982989267e-01,2.068213701248168945e+00
1.000000000000000000e+00,0.000000000000000000e+00,5.235987755982989267e-01,2.094393730163574219e+00
1.000000000000000000e+00,0.000000000000000000e+00,5.235987755982989267e-01,2.120573759078979492e+00
1.000000000000000000e+00,0.000000000000000000e+00,5.235987755982989267e-01,2.146753787994384766e+00
1.000000000000000000e+00,0.000000000000000000e+00,5.235987755982989267e-01,2.172933816909790039e+00
1.000000000000000000e+00,0.000000000000000000e+00,5.235987755982989267e-01,2.199113845825195312e+00
1.000000000000000000e+00,0.000000000000000000e+00,5.235987755982989267e-01,2.225293874740600586e+00
1.000000000000000000e+00,0.000000000000000000e+00,5.235987755982989267e-01,2.251473903656005859e+00
1.000000000000000000e+00,0.000000000000000000e+00,5.235987755982989267e-01,2.277653932571411133e+00
1.000000000000000000e+00,0.000000000000000000e+00,5.235987755982989267e-01,2.303833961486816406e+00
1.000000000000000000e+00,0.000000000000000000e+00,5.235987755982989267e-01,2.330013990402221680e+00
1.000000000000000000e+00,0.000000000000000000e+00,5.235987755982989267e-01,2.356194019317626953e+00
1.000000000000000000e+00,0.000000000000000000e+00,5.235987755982989267e-01,2.382374048233032227e+00
1.000000000000000000e+00,0.000000000000000000e+00,5.235987755982989267e-01,2.408554077148437500e+00
1.000000000000000000e+00,0.000000000000000000e+00,5.235987755982989267e-01,2.434734106063842773e+00
1.000000000000000000e+00,0.000000000000000000e+00,5.235987755982989267e-01,2.460914134979248047e+00
1.000000000000000000e+00,0.000000000000000000e+00,5.235987755982989267e-01,2.487094163894653320e+00
1.000000000000000000e+00,0.000000000000000000e+00,5.235987755982989267e-01,2.513274192810058594e+00
1.000000000000000000e+00,0.000000000000000000e+00,5.235987755982989267e-01,2.539454221725463867e+00
1.000000000000000000e+00,0.000000000000000000e+00,5.235987755982989267e-01,2.565634250640869141e+00
1.000000000000000000e+00,0.000000000000000000e+00,5.235987755982989267e-01,2.591814279556274414e+00
1.000000000000000000e+00,0.000000000000000000e+00,5.235987755982989267e-01,2.617994308471679688e+00
1.000000000000000000e+00,0.000000000000000000e+00,5.235987755982989267e-01,2.644174337387084961e+00
1.000000000000000000e+00,0.000000000000000000e+00,5.235987755982989267e-01,2.670354366302490234e+00
1.000000000000000000e+00,0.000000000000000000e+00,5.235987755982989267e-01,2.696534395217895508e+00
1.000000000000000000e+00,0.000000000000000000e+00,5.235987755982989267e-01,2.722714424133300781e+00
1.000000000000000000e+00,0.000000000000000000e+00,5.235987755982989267e-01,2.748894453048706055e+00
1.000000000000000000e+00,0.000000000000000000e+00,5.235987755982989267e-01,2.775074481964111328e+00
1.000000000000000000e+00,0.000000000000000000e+00,5.235987755982989267e-01,2.801254510879516602e+00
1.000000000000000000e+00,0.000000000000000000e+00,5.235987755982989267e-01,2.827434539794921875e+00
1.000000000000000000e+00,0.000000000000000000e+00,5.235987755982989267e-01,2.853614568710327148e+00
1.000000000000000000e+00,0.000000000000000000e+00,5.235987755982989267e-01,2.879794597625732422e+00
1.000000000000000000e+00,0.000000000000000000e+00,5.235987755982989267e-01,2.905974626541137695e+00
1.000000000000000000e+00,0.000000000000000000e+00,5.235987755982989267e-01,2.932154655456542969e+00
1.000000000000000000e+00,0.000000000000000000e+00,5.235987755982989267e-01,2.958334684371948242e+00
1.000000000000000000e+00,0.000000000000000000e+00,5.235987755982989267e-01,2.984514713287353516e+00
1.000000000000000000e+00,0.000000000000000000e+00,5.235987755982989267e-01,3.010694742202758789e+00
1.000000000000000000e+00,0.000000000000000000e+00,5.235987755982989267e-01,3.036874771118164062e+00
1.000000000000000000e+00,0.000000000000000000e+00,5.235987755982989267e-01,3.063054800033569336e+00
1.000000000000000000e+00,0.000000000000000000e+00,5.235987755982989267e-01,3.089234828948974609e+00
1.000000000000000000e+00,0.000000000000000000e+00,5.235987755982989267e-01,3.115414857864379883e+00
1.000000000000000000e+00,0.000000000000000000e+00,-5.235987755982989267e-01,-3.141590595245361328e+00
1.000000000000000000e+00,0.000000000000000000e+00,-5.235987755982989267e-01,3.115414857864379883e+00
1.000000000000000000e+00,0.000000000000000000e+00,-5.235987755982989267e-01,3.089234828948974609e+00
1.000000000000000000e+00,0.000000000000000000e+00,-5.235987755982989267e-01,3.063054800033569336e+00
1.000000000000000000e+00,0.000000000000000000e+00,-5.235987755982989267e-01,3.036874771118164062e+00
1.000000000000000000e+00,0.000000000000000000e+00,-5.235987755982989267e-01,3.010694742202758789e+00
1.000000000000000000e+00,0.000000000000000000e+00,-5.235987755982989267e-01,2.984514713287353516e+00
1.000000000000000000e+00,0.000000000000000000e+00,-5.235987755982989267e-01,2.958334684371948242e+00
1.000000000000000000e+00,0.000000000000000000e+00,-5.235987755982989267e-01,2.932154655456542969e+00
1.000000000000000000e+00,0.000000000000000000e+00,-5.235987755982989267e-01,2.905974626541137695e+00
1.000000000000000000e+00,0.000000000000000000e+00,-5.235987755982989267e-01,2.879794597625732422e+00
1.000000000000000000e+00,0.000000000000000000e+00,-5.235987755982989267e-01,2.853614568710327148e+00
1.000000000000000000e+00,0.000000000000000000e+00,-5.235987755982989267e-01,2.827434539794921875e+00
1.000000000000000000e+00,0.000000000000000000e+00,-5.235987755982989267e-01,2.801254510879516602e+00
1.000000000000000000e+00,0.000000000000000000e+00,-5.235987755982989267e-01,2.775074481964111328e+00
1.000000000000000000e+00,0.000000000000000000e+00,-5.235987755982989267e-01,2.748894453048706055e+00
1.000000000000000000e+00,0.000000000000000000e+00,-5.235987755982989267e-01,2.722714424133300781e+00
1.000000000000000000e+00,0.000000000000000000e+00,-5.235987755982989267e-01,2.696534395217895508e+00
1.000000000000000000e+00,0.000000000000000000e+00,-5.235987755982989267e-01,2.670354366302490234e+00
1.000000000000000000e+00,0.000000000000000000e+00,-5.235987755982989267e-01,2.644174337387084961e+00
1.000000000000000000e+00,0.000000000000000000e+00,-5.235987755982989267e-01,2.617994308471679688e+00
1.000000000000000000e+00,0.000000000000000000e+00,-5.235987755982989267e-01,2.591814279556274414e+00
1.000000000000000000e+00,0.000000000000000000e+00,-5.235987755982989267e-01,2.565634250640869141e+00
1.000000000000000000e+00,0.000000000000000000e+00,-5.235987755982989267e-01,2.539454221725463867e+00
1.000000000000000000e+00,0.000000000000000000e+00,-5.235987755982989267e-01,2.513274192810058594e+00
1.000000000000000000e+00,0.000000000000000000e+00,-5.235987755982989267e-01,2.487094163894653320e+00
1.000000000000000000e+00,0.000000000000000000e+00,-5.235987755982989267e-01,2.460914134979248047e+00
1.000000000000000000e+00,0.000000000000000000e+00,-5.235987755982989267e-01,2.434734106063842773e+00
1.000000000000000000e+00,0.000000000000000000e+00,-5.235987755982989267e-01,2.408554077148437500e+00
1.000000000000000000e+00,0.000000000000000000e+00,-5.235987755982989267e-01,2.382374048233032227e+00
1.000000000000000000e+00,0.000000000000000000e+00,-5.235987755982989267e-01,2.356194019317626953e+00
1.000000000000000000e+00,0.000000000000000000e+00,-5.235987755982989267e-01,2.330013990402221680e+00
1.000000000000000000e+00,0.000000000000000000e+00,-5.235987755982989267e-01,2.303833961486816406e+00
1.000000000000000000e+00,0.000000000000000000e+00,-5.235987755982989267e-01,2.277653932571411133e+00
1.000000000000000000e+00,0.000000000000000000e+00,-5.235987755982989267e-01,2.251473903656005859e+00
1.000000000000000000e+00,0.000000000000000000e+00,-5.235987755982989267e-01,2.225293874740600586e+00
1.000000000000000000e+00,0.000000000000000000e+00,-5.235987755982989267e-01,2.199113845825195312e+00
1.000000000000000000e+00,0.000000000000000000e+00,-5.235987755982989267e-01,2.172933816909790039e+00
1.000000000000000000e+00,0.000000000000000000e+00,-5.235987755982989267e-01,2.146753787994384766e+00
1.000000000000000000e+00,0.000000000000000000e+00,-5.235987755982989267e-01,2.120573759078979492e+00
1.000000000000000000e+00,0.000000000000000000e+00,-5.235987755982989267e-01,2.094393730163574219e+00
1.000000000000000000e+00,0.000000000000000000e+00,-5.235987755982989267e-01,2.068213701248168945e+00
1.000000000000000000e+00,0.000000000000000000e+00,-5.235987755982989267e-01,2.042033672332763672e+00
1.000000000000000000e+00,0.000000000000000000e+00,-5.235987755982989267e-01,2.015853643417358398e+00
1.000000000000000000e+00,0.000000000000000000e+00,-5.235987755982989267e-01,1.989673733711242676e+00
1.000000000000000000e+00,0.000000000000000000e+00,-5.235987755982989267e-01,1.963493824005126953e+00
1.000000000000000000e+00,0.000000000000000000e+00,-5.235987755982989267e-01,1.937313914299011230e+00
1.000000000000000000e+00,0.000000000000000000e+00,-5.235987755982989267e-01,1.911134004592895508e+00
1.000000000000000000e+00,0.000000000000000000e+00,-5.235987755982989267e-01,1.884954094886779785e+00
1.000000000000000000e+00,0.000000000000000000e+00,-5.235987755982989267e-01,1.858774185180664062e+00
1.000000000000000000e+00,0.000000000000000000e+00,-5.235987755982989267e-01,1.832594275474548340e+00
1.000000000000000000e+00,0.000000000000000000e+00,-5.235987755982989267e-01,1.806414365768432617e+00
1.000000000000000000e+00,0.000000000000000000e+00,-5.235987755982989267e-01,1.780234456062316895e+00
1.000000000000000000e+00,0.000000000000000000e+00,-5.235987755982989267e-01,1.754054546356201172e+00
1.000000000000000000e+00,0.000000000000000000e+00,-5.235987755982989267e-01,1.727874636650085449e+00
1.000000000000000000e+00,0.000000000000000000e+00,-5.235987755982989267e-01,1.701694726943969727e+00
1.000000000000000000e+00,0.000000000000000000e+00,-5.235987755982989267e-01,1.675514817237854004e+00
1.000000000000000000e+00,0.000000000000000000e+00,-5.235987755982989267e-01,1.649334907531738281e+00
1.000000000000000000e+00,0.000000000000000000e+00,-5.235987755982989267e-01,1.623154997825622559e+00
1.000000000000000000e+00,0.000000000000000000e+00,-5.235987755982989267e-01,1.596975088119506836e+00
1.000000000000000000e+00,0.000000000000000000e+00,-5.235987755982989267e-01,1.570795178413391113e+00
1.000000000000000000e+00,0.000000000000000000e+00,-5.235987755982989267e-01,1.544615268707275391e+00
1.000000000000000000e+00,0.000000000000000000e+00,-5.235987755982989267e-01,1.518435359001159668e+00
1.000000000000000000e+00,0.000000000000000000e+00,-5.235987755982989267e-01,1.492255449295043945e+00
1.000000000000000000e+00,0.000000000000000000e+00,-5.235987755982989267e-01,1.466075539588928223e+00
1.000000000000000000e+00,0.000000000000000000e+00,-5.235987755982989267e-01,1.439895629882812500e+00
1.000000000000000000e+00,0.000000000000000000e+00,-5.235987755982989267e-01,1.413715720176696777e+00
1.000000000000000000e+00,0.000000000000000000e+00,-5.235987755982989267e-01,1.387535810470581055e+00
1.000000000000000000e+00,0.000000000000000000e+00,-5.235987755982989267e-01,1.361355900764465332e+00
1.000000000000000000e+00,0.000000000000000000e+00,-5.235987755982989267e-01,1.335175991058349609e+00
1.000000000000000000e+00,0.000000000000000000e+00,-5.235987755982989267e-01,1.308996081352233887e+00
1.000000000000000000e+00,0.000000000000000000e+00,-5.235987755982989267e-01,1.282816171646118164e+00
1.000000000000000000e+00,0.000000000000000000e+00,-5.235987755982989267e-01,1.256636261940002441e+00
1.000000000000000000e+00,0.000000000000000000e+00,-5.235987755982989267e-01,1.230456352233886719e+00
1.000000000000000000e+00,0.000000000000000000e+00,-5.235987755982989267e-01,1.204276442527770996e+00
1.000000000000000000e+00,0.000000000000000000e+00,-5.235987755982989267e-01,1.178096532821655273e+00
1.000000000000000000e+00,0.000000000000000000e+00,-5.235987755982989267e-01,1.151916623115539551e+00
1.000000000000000000e+00,0.000000000000000000e+00,-5.235987755982989267e-01,1.125736713409423828e+00
1.000000000000000000e+00,0.000000000000000000e+00,-5.235987755982989267e-01,1.099556803703308105e+00
1.000000000000000000e+00,0.000000000000000000e+00,-5.235987755982989267e-01,1.073376893997192383e+00
1.000000000000000000e+00,0.000000000000000000e+00,-5.235987755982989267e-01,1.047196984291076660e+00
1.000000000000000000e+00,0.000000000000000000e+00,-5.235987755982989267e-01,1.021017074584960938e+00
1.000000000000000000e+00,0.000000000000000000e+00,-5.235987755982989267e-01,9.948371648788452148e-01
1.000000000000000000e+00,0.000000000000000000e+00,-5.235987755982989267e-01,9.686572551727294922e-01
1.000000000000000000e+00,0.000000000000000000e+00,-5.235987755982989267e-01,9.424773454666137695e-01
1.000000000000000000e+00,0.000000000000000000e+00,-5.235987755982989267e-01,9.162974357604980469e-01
1.000000000000000000e+00,0.000000000000000000e+00,-5.235987755982989267e-01,8.901175260543823242e-01
1.000000000000000000e+00,0.000000000000000000e+00,-5.235987755982989267e-01,8.639376163482666016e-01
1.000000000000000000e+00,0.000000000000000000e+00,-5.235987755982989267e-01,8.377577066421508789e-01
1.000000000000000000e+00,0.000000000000000000e+00,-5.235987755982989267e-01,8.115777969360351562e-01
1.000000000000000000e+00,0.000000000000000000e+00,-5.235987755982989267e-01,7.853978872299194336e-01
1.000000000000000000e+00,0.000000000000000000e+00,-5.235987755982989267e-01,7.592179775238037109e-01
1.000000000000000000e+00,0.000000000000000000e+00,-5.235987755982989267e-01,7.330380678176879883e-01
1.000000000000000000e+00,0.000000000000000000e+00,-5.235987755982989267e-01,7.068581581115722656e-01
1.000000000000000000e+00,0.000000000000000000e+00,-5.235987755982989267e-01,6.806782484054565430e-01
1.000000000000000000e+00,0.000000000000000000e+00,-5.235987755982989267e-01,6.544983386993408203e-01
1.000000000000000000e+00,0.000000000000000000e+00,-5.235987755982989267e-01,6.283184289932250977e-01
1.000000000000000000e+00,0.000000000000000000e+00,-5.235987755982989267e-01,6.021385192871093750e-01
1.000000000000000000e+00,0.000000000000000000e+00,-5.235987755982989267e-01,5.759586095809936523e-01
1.000000000000000000e+00,0.000000000000000000e+00,-5.235987755982989267e-01,5.497786998748779297e-01
1.000000000000000000e+00,0.000000000000000000e+00,-5.235987755982989267e-01,5.235987901687622070e-01
1.000000000000000000e+00,0.000000000000000000e+00,-5.235987755982989267e-01,4.974188506603240967e-01
1.000000000000000000e+00,0.000000000000000000e+00,-5.235987755982989267e-01,4.712389111518859863e-01
1.000000000000000000e+00,0.000000000000000000e+00,-5.235987755982989267e-01,4.450589716434478760e-01
1.000000000000000000e+00,0.000000000000000000e+00,-5.235987755982989267e-01,4.188790321350097656e-01
1.000000000000000000e+00,0.000000000000000000e+00,-5.235987755982989267e-01,3.926990926265716553e-01
1.000000000000000000e+00,0.000000000000000000e+00,-5.235987755982989267e-01,3.665191531181335449e-01
1.000000000000000000e+00,0.000000000000000000e+00,-5.235987755982989267e-01,3.403392136096954346e-01
1.000000000000000000e+00,0.000000000000000000e+00,-5.235987755982989267e-01,3.141592741012573242e-01
1.000000000000000000e+00,0.000000000000000000e+00,-5.235987755982989267e-01,2.879793345928192139e-01
1.000000000000000000e+00,0.000000000000000000e+00,-5.235987755982989267e-01,2.617993950843811035e-01
1.000000000000000000e+00,0.000000000000000000e+00,-5.235987755982989267e-01,2.356194555759429932e-01
1.000000000000000000e+00,0.000000000000000000e+00,-5.235987755982989267e-01,2.094395160675048828e-01
1.000000000000000000e+00,0.000000000000000000e+00,-5.235987755982989267e-01,1.832595765590667725e-01
1.000000000000000000e+00,0.000000000000000000e+00,-5.235987755982989267e-01,1.570796370506286621e-01
1.000000000000000000e+00,0.000000000000000000e+00,-5.235987755982989267e-01,1.308996975421905518e-01
1.000000000000000000e+00,0.000000000000000000e+00,-5.235987755982989267e-01,1.047197580337524414e-01
1.000000000000000000e+00,0.000000000000000000e+00,-5.235987755982989267e-01,7.853981852531433105e-02
1.000000000000000000e+00,0.000000000000000000e+00,-5.235987755982989267e-01,5.235987901687622070e-02
1.000000000000000000e+00,0.000000000000000000e+00,-5.235987755982989267e-01,2.617993950843811035e-02
1.000000000000000000e+00,0.000000000000000000e+00,0.000000000000000000e+00,7.285230196885095211e-10
1.000000000000000000e+00,0.000000000000000000e+00,0.000000000000000000e+00,7.285230196885095211e-10
1.000000000000000000e+00,0.000000000000000000e+00,0.000000000000000000e+00,7.285230196885095211e-10
1.000000000000000000e+00,0.000000000000000000e+00,0.000000000000000000e+00,7.285230196885095211e-10
1.000000000000000000e+00,0.000000000000000000e+00,0.000000000000000000e+00,7.285230196885095211e-10
1.000000000000000000e+00,0.000000000000000000e+00,0.000000000000000000e+00,7.285230196885095211e-10
1.000000000000000000e+00,0.000000000000000000e+00,0.000000000000000000e+00,7.285230196885095211e-10
1.000000000000000000e+00,0.000000000000000000e+00,0.000000000000000000e+00,7.285230196885095211e-10
1.000000000000000000e+00,0.000000000000000000e+00,0.000000000000000000e+00,7.285230196885095211e-10
1.000000000000000000e+00,0.000000000000000000e+00,0.000000000000000000e+00,7.285230196885095211e-10
1.000000000000000000e+00,0.000000000000000000e+00,0.000000000000000000e+00,7.285230196885095211e-10
1.000000000000000000e+00,0.000000000000000000e+00,0.000000000000000000e+00,7.285230196885095211e-10
1.000000000000000000e+00,0.000000000000000000e+00,0.000000000000000000e+00,7.285230196885095211e-10
1.000000000000000000e+00,0.000000000000000000e+00,0.000000000000000000e+00,7.285230196885095211e-10
1.000000000000000000e+00,0.000000000000000000e+00,0.000000000000000000e+00,7.285230196885095211e-10
1.000000000000000000e+00,0.000000000000000000e+00,0.000000000000000000e+00,7.285230196885095211e-10
1.000000000000000000e+00,0.000000000000000000e+00,0.000000000000000000e+00,7.285230196885095211e-10
1.000000000000000000e+00,0.000000000000000000e+00,0.000000000000000000e+00,7.285230196885095211e-10
1.000000000000000000e+00,0.000000000000000000e+00,0.000000000000000000e+00,7.285230196885095211e-10
1.000000000000000000e+00,0.000000000000000000e+00,0.000000000000000000e+00,7.285230196885095211e-10
