trajectory,controller,raw_controllers,num_runs,num_position_steps,num_velocity_steps,position_xy_mean,position_xy_ci_low,position_xy_ci_high,position_x_mean,position_x_ci_low,position_x_ci_high,position_y_mean,position_y_ci_low,position_y_ci_high,position_z_mean,position_z_ci_low,position_z_ci_high,velocity_vector_mean,velocity_vector_ci_low,velocity_vector_ci_high,velocity_vx_mean,velocity_vx_ci_low,velocity_vx_ci_high,velocity_vy_mean,velocity_vy_ci_low,velocity_vy_ci_high,velocity_omega_mean,velocity_omega_ci_low,velocity_omega_ci_high
changing_velocity_profiles,Fully Learned,Racetrack_full_0_false;Racetrack_full_24_false;Racetrack_full_42_false,15,1500,1500,0.22208285173973408,0.2014515130782873,0.24410752516229992,0.1430837419046255,0.12507838562827664,0.1623777104157144,0.07899910983510858,0.07363116207923563,0.08466321049998353,1.8868813917247388e-06,1.684714964247127e-06,2.1009851536112542e-06,3.6600668248698383,3.2371117934109552,4.117855396172434,0.3940036666091552,0.3525462986125644,0.4403647721945889,0.06989685570089531,0.06435729033419062,0.07586777533290566,3.196166302559788,2.77324913207196,3.6504903112371485
changing_velocity_profiles,Fully Learned (DR),Racetrack_full_0_true;Racetrack_full_24_true;Racetrack_full_42_true,15,1500,1500,0.1446938971801302,0.13468812115599268,0.15519718667086987,0.06438348627802444,0.05807980981944094,0.07122006990354766,0.08031041090210576,0.07378134161241301,0.087192875256608,2.039403271566933e-06,1.7426586834773187e-06,2.352574356513996e-06,5.005710348841558,4.502732022035789,5.536487932269063,0.3250200289021079,0.2892062772424508,0.36529929118340054,0.09740913607725923,0.08612707673787126,0.10936893169828855,4.583281183862191,4.088674277684118,5.107243860643267
changing_velocity_profiles,Hybrid Offset,Racetrack_offset_0_false;Racetrack_offset_24_false;Racetrack_offset_42_false,15,1500,1500,0.1216276112986806,0.11576854024002024,0.12778196350600754,0.040903660301285644,0.03708809117911638,0.04487103689616734,0.08072395099739497,0.07669591984172468,0.08496157738801903,2.837286495071719e-06,2.6119939324201984e-06,3.0659147628374946e-06,1.5203050276935683,1.3357628783482463,1.7208259588194155,0.21251679039329058,0.18896515870658895,0.23761941705312212,0.1131352100478183,0.09760532433411107,0.13010540836219242,1.1946530272524591,1.0257468702950783,1.378457862887598
changing_velocity_profiles,Hybrid Offset (DR),Racetrack_offset_0_true;Racetrack_offset_24_true;Racetrack_offset_42_true,15,1500,1500,0.06973868361861416,0.06739178981191796,0.07225183083935775,0.026474640887519777,0.024240645125883194,0.028810743402728555,0.043264042731094375,0.041426104718805874,0.04512131438838079,1.4492736546712291e-06,1.296851255844105e-06,1.6098287956700899e-06,1.8687527099939334,1.638429363367729,2.1210532463098235,0.20304399338795232,0.18375543741668135,0.22392931667504276,0.05571486528859115,0.04924214260590043,0.06300880273079044,1.6099938513173901,1.3872309380848222,1.855184669512865
changing_velocity_profiles,IK,ik,15,1500,1500,0.018777957116523056,0.018338562268473833,0.019232353798619643,0.009051930813667612,0.008595174164289242,0.009505612068405184,0.009726026302855443,0.0093597468670627,0.010110721842020902,3.7482799694827193e-06,3.4244562447388513e-06,4.094964681464279e-06,0.303329549591638,0.22172759207837933,0.40224800779381403,0.11375734993185022,0.10416407359487628,0.1241855871084595,0.030454654994545204,0.027997129414327304,0.0330633114422861,0.15911754466524258,0.08167178267905552,0.2547233587516845
circle_small_radius,Fully Learned,Racetrack_full_0_false;Racetrack_full_24_false;Racetrack_full_42_false,15,1500,1500,0.7299698885643764,0.6875001401476177,0.7740232587510568,0.42058943419794576,0.390231415561173,0.45245162695049723,0.3093804543664307,0.28652764687763543,0.3350227607583835,2.8387875220016454e-06,2.526944994205989e-06,3.1666445982611687e-06,8.205819190356111,7.484542316941545,8.985468711637525,0.8001955780802706,0.7592785601254682,0.8432546787883197,0.25354664213093103,0.2178872730974557,0.29166569237977896,7.15207697014491,6.44548671096187,7.918049742404321
circle_small_radius,Fully Learned (DR),Racetrack_full_0_true;Racetrack_full_24_true;Racetrack_full_42_true,15,1500,1500,0.5144081362250469,0.48838358760123113,0.5400525008742031,0.2623165848847575,0.24444064924438644,0.2801904051751338,0.25209155134028943,0.2349379596564533,0.2695342047557045,2.807092546345742e-06,2.454031224809195e-06,3.1814628760350705e-06,8.734379210309223,7.950118074030683,9.541396528684512,0.570126461085047,0.5404346045636177,0.6010442442910444,0.14223595257967842,0.12563426978856632,0.1600877780505315,8.022016796644499,7.238319808544757,8.825672784991815
circle_small_radius,Hybrid Offset,Racetrack_offset_0_false;Racetrack_offset_24_false;Racetrack_offset_42_false,15,1500,1500,0.35483978911089276,0.33731824374189445,0.3730504408662691,0.19661451237619026,0.18122498230642733,0.21294408630770223,0.1582252767347025,0.1487754236047344,0.1682026193019214,7.606821075550945e-06,6.881466009412841e-06,8.361620335924718e-06,1.446882821864904,1.2998079615044444,1.6301069375158486,0.26995079491415813,0.2489303633093472,0.29080873952826464,0.03352695031083944,0.030650029333480017,0.03655574134816841,1.1434050766399066,0.9991057297452896,1.3261518206479477
circle_small_radius,Hybrid Offset (DR),Racetrack_offset_0_true;Racetrack_offset_24_true;Racetrack_offset_42_true,15,1500,1500,0.3053048045110539,0.295351293457427,0.3154532644420781,0.17376347201444242,0.1638254289924495,0.18405659378187278,0.13154133249661148,0.12478892414246734,0.13842207472265347,7.803530881606958e-06,7.017636482171001e-06,8.646219694227806e-06,1.5719384204661784,1.358170201704614,1.8384949621123579,0.30480760934520684,0.28274767917548277,0.3270390512947546,0.016696672523764174,0.014678347158865266,0.018883082731682533,1.250434138597207,1.0410940531638337,1.50979901106018
circle_small_radius,IK,ik,15,1500,1500,0.15920241574936475,0.15464721036499057,0.16377982905123778,0.0782376154302475,0.07448503676199002,0.08205231423092313,0.08096480031911725,0.07665691688605432,0.08534769351041493,5.597543760955086e-06,5.150306904329741e-06,6.060018550844697e-06,0.8412643435555917,0.654414547092361,1.061754855916089,0.23280635885863651,0.2116821961078604,0.25444550419369233,0.00483114871182421,0.004083388260898293,0.005717475092227645,0.6036268359851309,0.4226584680200645,0.8196144764774748
connected_u_curves_5,Fully Learned,Racetrack_full_0_false;Racetrack_full_24_false;Racetrack_full_42_false,15,1500,1500,1.097720216987359,1.048708479342871,1.1473777594276882,0.5770296113763297,0.5399660825729228,0.6155630934448995,0.5206906056110292,0.48669501081409006,0.55529755357379,7.739323705104435e-06,7.040033960821383e-06,8.46071386937094e-06,9.879013175714391,9.145705479930065,10.648772210746493,2.1438123854515005,2.0493000936588786,2.2457203085963156,0.42539308038840395,0.35757867346385275,0.5041187808147186,7.309807709874487,6.608529105718745,8.048926907700878
connected_u_curves_5,Fully Learned (DR),Racetrack_full_0_true;Racetrack_full_24_true;Racetrack_full_42_true,15,1500,1500,1.093690685199281,1.0431832300986088,1.1454426311164072,0.6179512787220972,0.5788805266710318,0.6572750168127641,0.47573940647718377,0.44684917741656316,0.505817114621911,4.898446173166332e-06,4.435570687577748e-06,5.3973998807303175e-06,10.452091615911076,9.62456521932117,11.338677570960934,2.3062520792819075,2.201493166001549,2.4130262252306647,0.7998802017612248,0.6902578994154676,0.9181542219251271,7.345959334867945,6.56754600709182,8.189848146275677
connected_u_curves_5,Hybrid Offset,Racetrack_offset_0_false;Racetrack_offset_24_false;Racetrack_offset_42_false,15,1500,1500,0.8380752226253875,0.7838179919928758,0.8941247313548277,0.5134749832396346,0.46399592773209153,0.5653845917791269,0.32460023938575283,0.3059014910129428,0.34346873772932746,7.0758036671308665e-06,6.414727083538968e-06,7.782353375836415e-06,10.984895591136475,10.00815846135273,12.045991210159425,1.7432022128214215,1.6443689626520914,1.8461965548218808,1.851059377990523,1.6606894934005385,2.050567913072519,7.39063400032453,6.539256590555094,8.311936751044202
connected_u_curves_5,Hybrid Offset (DR),Racetrack_offset_0_true;Racetrack_offset_24_true;Racetrack_offset_42_true,15,1500,1500,0.8288888863385558,0.7908210901668203,0.8683153679883692,0.4781071338442985,0.442036402524858,0.5153816029899257,0.35078175249425736,0.333335734140355,0.36854525020443935,8.712162991140181e-06,7.946260297136454e-06,9.519295521323478e-06,9.412074551065782,8.587093889703464,10.247502520017173,1.807643609009067,1.701784846394352,1.9204604903889753,1.3342899362971508,1.1967467304015336,1.4767352003169998,6.270141005759564,5.5428052935998116,7.015086024071065
connected_u_curves_5,IK,ik,15,1500,1500,0.6326790095859657,0.5935544517209641,0.6721331654101677,0.252879116512246,0.23159337271084762,0.2748555532483808,0.37979989307371975,0.3502378355202248,0.4097340032776902,1.669162512961875e-05,1.5304046929036755e-05,1.815488025598878e-05,8.727950709620917,8.08641100230134,9.419310873386529,1.9185673763442959,1.7954886673357586,2.0474533627161287,1.4355568098371028,1.3122648572927371,1.5660483661930986,5.373826523439516,4.830009502600416,5.950931679597973
connected_u_curves_8,Fully Learned,Racetrack_full_0_false;Racetrack_full_24_false;Racetrack_full_42_false,15,1500,1500,1.221795041294106,1.1451621601499924,1.3187980306397695,0.6448575250672708,0.5790218011188575,0.7349895010609192,0.5769375162268352,0.5426051819864992,0.6117947065925784,1.3984392853013684e-05,6.534318004550484e-06,2.834389164486404e-05,17.659087537758285,16.252007279348536,19.16632861374825,3.5071116939884894,3.326897297894421,3.695589522893533,0.3325354408254656,0.2953541069316493,0.371685315472045,13.81944040294433,12.476415763734693,15.25433315437199
connected_u_curves_8,Fully Learned (DR),Racetrack_full_0_true;Racetrack_full_24_true;Racetrack_full_42_true,15,1500,1500,1.255004126535964,1.1925830284839518,1.3177552863919773,0.608445051417234,0.5718611725176076,0.6471209397178281,0.6465590751187297,0.596756918534798,0.6981228029560191,4.3729821106383e-06,3.936607202084644e-06,4.8224638251464075e-06,20.381222475612535,18.627951857800014,22.209037707244796,3.605678128228964,3.4336150950255044,3.783052099971653,0.286156541477059,0.25518862486970606,0.32013949943354175,16.489387805906514,14.827500293797351,18.254248704920187
connected_u_curves_8,Hybrid Offset,Racetrack_offset_0_false;Racetrack_offset_24_false;Racetrack_offset_42_false,15,1500,1500,1.1006959820698778,1.0424841041203117,1.1602194358671933,0.5712502363272326,0.5282759915791271,0.6154365348916883,0.5294457457426454,0.48952583820869144,0.5699895116135562,1.0854660868695278e-05,9.924351545868869e-06,1.183195201514855e-05,32.40596770541579,30.129341316422533,34.79242439421539,3.259927512363537,3.103526054556615,3.4129477242830863,0.5374821752092185,0.48955018359087915,0.5864422141589576,28.608558017843038,26.447978990924046,30.8580530973545
connected_u_curves_8,Hybrid Offset (DR),Racetrack_offset_0_true;Racetrack_offset_24_true;Racetrack_offset_42_true,15,1500,1500,1.062118393385269,1.0139650200312447,1.1114176308622907,0.5190561928316564,0.4825980954936813,0.555535232015742,0.5430622005536127,0.5103290804185251,0.5768437444537042,4.956459449022609e-06,4.4547462831675645e-06,5.478183355172912e-06,29.51794734482117,27.44660891607379,31.623789501475038,3.245051404436426,3.094775133093475,3.3965176207750343,0.5172154724639071,0.46825436629719414,0.5665415420185641,25.755680467920843,23.797837915743415,27.74302890499583
connected_u_curves_8,IK,ik,15,1500,1500,1.1610361641641547,1.0909573215970685,1.2319453728141745,0.6005181131557603,0.5517111980576893,0.650656707524319,0.5605180510083942,0.512584178488682,0.6099397516916691,9.178128682011982e-06,8.4390783570997e-06,9.940266437502427e-06,36.28158201052557,33.74819649215519,38.853819512078786,3.0667184557733913,2.888083093342216,3.2493528762150485,0.6224931969519125,0.5642274040782039,0.6824382198706714,32.59237035780026,30.199702466328475,35.01686084621292
OVERALL,IK,,,6000,6000,0.492923886654002,0.47017724836742636,0.5167663577684304,0.23517169397798035,0.22068304299272065,0.25021481531254997,0.2577521926760217,0.24265874486067976,0.2733651775403105,8.803894385517135e-06,8.378349027091973e-06,9.237520855600337e-06,11.53853165332343,10.786033137971248,12.31673166419159,1.3329623852270436,1.269836836310993,1.3966685967964914,0.5233339526238463,0.4863680412105161,0.5626146404548795,9.682235315472537,8.986991874938505,10.401205123229643
OVERALL,Hybrid Offset,,,6000,6000,0.6038096512762097,0.5816393366228548,0.6270898016561314,0.33056084806108577,0.313138265078594,0.3487468348300539,0.27324880321512396,0.2613043400368184,0.28563393271524956,7.0936430266122025e-06,6.734789312249782e-06,7.451672837703282e-06,11.589512786527687,10.883234651402113,12.322317228278596,1.3713993276231018,1.3159416084135824,1.426537988492356,0.6338009283895998,0.579685894520628,0.6891432417917056,9.584312530514982,8.93294914145827,10.261005629018955
OVERALL,Hybrid Offset (DR),,,6000,6000,0.5665126919633733,0.5478039615985553,0.585635942414938,0.2993503598944793,0.285240935977779,0.3139002970747036,0.26716233206889395,0.2566076547871464,0.2779017843029439,5.730356744110245e-06,5.412047015887598e-06,6.055688435092055e-06,10.592678256586767,9.959842820963344,11.24471632892898,1.3901366540446631,1.3349239835716973,1.446241470896413,0.48097923664335335,0.44176124873161426,0.5212527683921495,8.721562365898752,8.141988125978239,9.323686801680898
OVERALL,Fully Learned,,,6000,6000,0.8178919996463939,0.789547678952207,0.8488100924394123,0.44639007813654297,0.42412869822783184,0.47204706058473916,0.37150192150985095,0.3568424578405873,0.38650216467008386,6.612346367961126e-06,4.6697440354524055e-06,1.0271243266687805e-05,9.850996682174657,9.373849705014518,10.340793500779743,1.7112808310323535,1.649678692313749,1.7748820779529795,0.270343004761424,0.24821038042179183,0.29431740554258123,7.869372846380879,7.419035031073641,8.339253153469361
OVERALL,Fully Learned (DR),,,6000,6000,0.7519492112851055,0.727901737471222,0.7761241351945185,0.38827410032552834,0.37285368906118527,0.4036098010985844,0.36367511095957716,0.3477646602692709,0.3801807409587585,3.529481025429327e-06,3.3290848325783965e-06,3.734223738075919e-06,11.143350912668598,10.586453089594142,11.732258537459348,1.7017691743745067,1.6409212394882196,1.7638234893866567,0.33142045797380537,0.300893544589763,0.3631793274332856,9.110161280320288,8.578126747373263,9.670972959251413
