3.461274844075049817e+00,-1.511754439985899978e+00,9.254516871576370929e-02
3.466092950821879626e+00,-1.532022977800797436e+00,9.254516871576370929e-02
3.471332242670069679e+00,-1.552186747257604527e+00,9.254516871576370929e-02
3.476990445703668442e+00,-1.572236997036805528e+00,9.254516871576370929e-02
3.483065104194210448e+00,-1.592165025087796115e+00,9.254516871576370929e-02
3.489553581666530846e+00,-1.611962182405678012e+00,9.254516871576370929e-02
3.496453062043028304e+00,-1.631619876785032508e+00,9.254516871576370929e-02
3.503760550865875789e+00,-1.651129576549040578e+00,9.254516871576370929e-02
3.511472876596652082e+00,-1.670482814252334247e+00,9.254516871576370929e-02
3.519586691992827809e+00,-1.689671190355969577e+00,9.254516871576370929e-02
3.528098475560509151e+00,-1.708686376872928347e+00,9.254516871576370929e-02
3.537004533082807711e+00,-1.727520120982565244e+00,9.254516871576370929e-02
3.546300999223177097e+00,-1.746164248612431580e+00,9.254516871576370929e-02
3.555983839203014085e+00,-1.764610667985921033e+00,9.254516871576370929e-02
3.566048850552801852e+00,-1.782851373134199058e+00,9.254516871576370929e-02
3.576491664936033210e+00,-1.800878447370889868e+00,9.254516871576370929e-02
3.587307750045119370e+00,-1.818684066728013526e+00,9.254516871576370929e-02
3.598492411568468885e+00,-1.836260503351683226e+00,9.254516871576370929e-02
3.610040795227873467e+00,-1.853600128856087048e+00,9.254516871576370929e-02
3.621947888885324485e+00,-1.870695417634299140e+00,9.254516871576370929e-02
3.634208524718340882e+00,-1.887538950124484582e+00,9.254516871576370929e-02
3.646817381462867047e+00,-1.904123416030078175e+00,9.254516871576370929e-02
3.659768986722764517e+00,-1.920441617492542496e+00,9.254516871576370929e-02
3.673057719344900107e+00,-1.936486472215324106e+00,9.254516871576370929e-02
3.686677811858792175e+00,-1.952251016537657202e+00,9.254516871576370929e-02
3.700623352979763414e+00,-1.967728408456875355e+00,9.254516871576370929e-02
3.714888290174509944e+00,-1.982911930597923922e+00,9.254516871576370929e-02
3.729466432287973809e+00,-1.997794993128781948e+00,9.254516871576370929e-02
3.744351452230378463e+00,-2.012371136620528578e+00,9.254516871576370929e-02
3.759536889723263275e+00,-2.026634034850813837e+00,9.254516871576370929e-02
3.775016154103321142e+00,-2.040577497549514341e+00,9.254516871576370929e-02
3.790782527182826822e+00,-2.054195473085386858e+00,9.254516871576370929e-02
3.806829166165411227e+00,-2.067482051092548012e+00,9.254516871576370929e-02
3.823149106615918225e+00,-2.080431465035645466e+00,9.254516871576370929e-02
3.839735265483052551e+00,-2.093038094712603492e+00,9.254516871576370929e-02
3.856580444173510980e+00,-2.105296468693858447e+00,9.254516871576370929e-02
3.873677331676257829e+00,-2.117201266697025019e+00,9.254516871576370929e-02
3.891018507735592102e+00,-2.128747321895964273e+00,9.254516871576370929e-02
3.908596446071628261e+00,-2.139929623163247641e+00,9.254516871576370929e-02
3.926403517646793517e+00,-2.150743317245046082e+00,9.254516871576370929e-02
3.944431993976920126e+00,-2.161183710867502938e+00,9.254516871576370929e-02
3.962674050485503585e+00,-2.171246272773669439e+00,9.254516871576370929e-02
3.981121769899660823e+00,-2.180926635690125792e+00,9.254516871576370929e-02
3.999767145686324188e+00,-2.190220598222430759e+00,9.254516871576370929e-02
4.018602085527172463e+00,-2.199124126678577262e+00,9.254516871576370929e-02
4.037618414830794755e+00,-2.207633356819663994e+00,9.254516871576370929e-02
4.056807880280562273e+00,-2.215744595537020967e+00,9.254516871576370929e-02
4.076162153416667877e+00,-2.223454322455063803e+00,9.254516871576370929e-02
4.095672834250777328e+00,-2.230759191459179558e+00,9.254516871576370929e-02
4.115331454911726361e+00,-2.237656032147979701e+00,9.254516871576370929e-02
4.135129483320678645e+00,-2.244141851209293659e+00,9.254516871576370929e-02
4.155058326894151222e+00,-2.250213833719302947e+00,9.254516871576370929e-02
4.175109336273298943e+00,-2.255869344364250129e+00,9.254516871576370929e-02
4.195273809077842309e+00,-2.261105928584198566e+00,9.254516871576370929e-02
4.215542993683003559e+00,-2.265921313638341150e+00,9.254516871576370929e-02
4.235908093017820342e+00,-2.270313409591395715e+00,9.254516871576370929e-02
4.256360268383176937e+00,-2.274280310220663903e+00,9.254516871576370929e-02
4.276890643287909022e+00,-2.277820293843353827e+00,9.254516871576370929e-02
4.297490307301308654e+00,-2.280931824063811231e+00,9.254516871576370929e-02
4.318150319920357028e+00,-2.283613550440334095e+00,9.254516871576370929e-02
4.338861714450011675e+00,-2.285864309071280687e+00,9.254516871576370929e-02
4.359615501894859690e+00,-2.287683123100217042e+00,9.254516871576370929e-02
4.380402674860451206e+00,-2.289069203139883601e+00,9.254516871576370929e-02
4.401214211462617598e+00,-2.290021947614800268e+00,9.254516871576370929e-02
4.422041079243076211e+00,-2.290540943022355780e+00,9.254516871576370929e-02
4.442874239089629640e+00,-2.290625964112273927e+00,9.254516871576370929e-02
4.463704649159247140e+00,-2.290276973984374465e+00,9.254516871576370929e-02
4.484523268802333540e+00,-2.289494124104588746e+00,9.254516871576370929e-02
4.505321062486482120e+00,-2.288277754239221640e+00,9.254516871576370929e-02
4.526089003718003489e+00,-2.286628392307487267e+00,9.254516871576370929e-02
4.546818078959533160e+00,-2.284546754152388282e+00,9.254516871576370929e-02
4.567499291542016948e+00,-2.282033743230029277e+00,9.254516871576370929e-02
4.588123665569371568e+00,-2.279090450217506891e+00,9.254516871576370929e-02
4.608682249814133769e+00,-2.275718152539542682e+00,9.254516871576370929e-02
4.629166121602399819e+00,-2.271918313814064838e+00,9.254516871576370929e-02
4.649566390686376671e+00,-2.267692583216981195e+00,9.254516871576370929e-02
4.669874203102852839e+00,-2.263042794766416232e+00,9.254516871576370929e-02
4.690080745015928088e+00,-2.257970966526725576e+00,9.254516871576370929e-02
4.710177246542323282e+00,-2.252479299732630835e+00,9.254516871576370929e-02
4.730154985557618375e+00,-2.246570177833858484e+00,9.254516871576370929e-02
4.750005291481754988e+00,-2.240246165460692662e+00,9.254516871576370929e-02
4.769719549042178208e+00,-2.233510007310895329e+00,9.254516871576370929e-02
4.789289202012964708e+00,-2.226364626958473814e+00,9.254516871576370929e-02
4.808705756928330466e+00,-2.218813125584814916e+00,9.254516871576370929e-02
4.827960786768896284e+00,-2.210858780632734444e+00,9.254516871576370929e-02
4.847045934619117702e+00,-2.202505044384027055e+00,9.254516871576370929e-02
4.865952917294285918e+00,-2.193755542461135466e+00,9.254516871576370929e-02
4.884673528935529419e+00,-2.184614072253585171e+00,9.254516871576370929e-02
4.903199644571256677e+00,-2.175084601269872131e+00,9.254516871576370929e-02
4.921523223643493594e+00,-2.165171265415515744e+00,9.254516871576370929e-02
4.939636313497579145e+00,-2.154878367198026723e+00,9.254516871576370929e-02
4.957531052833717311e+00,-2.144210373859566143e+00,9.254516871576370929e-02
4.975199675118874509e+00,-2.133171915438108801e+00,9.254516871576370929e-02
4.992634511957546373e+00,-2.121767782757950638e+00,9.254516871576370929e-02
5.009827996419939034e+00,-2.110002925350432434e+00,9.254516871576370929e-02
5.026772666326104755e+00,-2.097882449305784824e+00,9.254516871576370929e-02
5.043461167484617036e+00,-2.085411615057022328e+00,9.254516871576370929e-02
5.059886256884382760e+00,-2.072595835096852745e+00,9.254516871576370929e-02
5.076040805838192504e+00,-2.059440671628588682e+00,9.254516871576370929e-02
5.091917803076658977e+00,-2.045951834152085258e+00,9.254516871576370929e-02
