0.000000000000000000e+00,0.000000000000000000e+00,0.000000000000000000e+00
1.287680856337571414e-03,-1.751919175823259275e-04,1.138462587423910884e-02
-1.911322961207957433e-03,9.737511079838749020e-04,1.132656439135791733e-02
-3.366741419183839467e-03,-1.352650483871421826e-03,-5.157228512277298518e-03
-3.329691315686651048e-04,-9.657386228922510731e-04,1.128030386586592257e-02
1.910801198055746665e-03,-2.243409183689975151e-03,-1.617394209020321313e-02
2.138342252918544722e-03,8.976502870143376975e-04,-1.642621133813041215e-02
1.276491823751285757e-03,-7.632538775346167821e-04,-1.037646803638930804e-02
6.920267182102626292e-04,1.460852928766306165e-03,2.464661906910593087e-02
-9.069576084966112905e-04,-1.482792766312914737e-03,-8.141329825780417237e-03
8.284988120593096564e-04,-1.474657288180475454e-03,-1.264161588993762547e-02
6.072281300625504861e-04,1.537277290604301344e-03,2.863358467297104099e-03
-3.398740022241689314e-03,-6.160722648178548798e-04,-4.079964186792506969e-03
4.952521540451857406e-04,-2.142053616312542767e-03,-1.501610172014426758e-02
-3.211102945485494985e-03,-5.420282725301576836e-04,8.249418826463464360e-02
-1.364871715731940521e-02,-4.761093620169641431e-03,2.287833502400391517e-01
-2.713406144999420261e-02,-6.271365831210885594e-04,4.170424882846331394e-01
-2.485348020474155775e-02,8.258546493658423457e-03,5.798150961594250585e-01
-1.112206411501139199e-02,1.431076036619230614e-02,4.167698819334016980e-01
-2.133450509710407145e-02,5.780821746492849529e-03,5.161677833358021550e-01
-1.292854925112294287e-02,2.959899627972497130e-03,4.094361674611065038e-01
-5.092084745968526727e-03,-5.796499660563867590e-03,3.768159995896087078e-01
-9.432578321405269209e-03,-3.327992072107335397e-03,4.106210368605556771e-01
-8.697528287896822211e-03,2.828139023929573080e-03,4.271715208424761157e-01
-8.014639297971401510e-03,8.654061730316284229e-03,3.740028316772515682e-01
4.436475932586549271e-03,7.807571604138408266e-04,3.362603247380355764e-01
2.014945905803609480e-02,3.653083092644479005e-03,4.345310862899346982e-01
6.460157804676452953e-02,9.992914533352659223e-03,2.102405647135046907e-01
1.977215869993711184e-01,-5.308407290152871577e-03,-9.500787214432349082e-02
2.463374343676661971e-01,-5.925028640434251009e-02,-8.841691523078959447e-01
3.695568188500336637e-01,-1.036332688835266552e-01,-1.880583784849865658e+00
4.812016004581428641e-01,-1.964064350595387531e-01,-2.443528849758697774e+00
3.983236939716818248e-01,-2.055006797562715648e-01,-1.847013136854797732e+00
5.551656310845852760e-01,-3.255360906816303634e-01,-2.078943844360841897e+00
4.759281299160332823e-01,-3.510793678067709034e-01,-1.614905291195144477e+00
4.816237631169846822e-01,-3.882612333611483724e-01,-1.366017345753258505e+00
5.094085010203344144e-01,-3.819449858470055914e-01,-1.163241549467717073e+00
5.259578158730531250e-01,-3.486281268853416160e-01,-6.542804699675400792e-01
6.430993764820930325e-01,-4.078247126205461481e-01,-5.874476807594524175e-01
5.518739744347238574e-01,-3.376922117162878823e-01,-2.568548042402859499e-01
6.208265703238212696e-01,-3.341116090094271018e-01,-1.337496624639111231e-01
5.911726711161701120e-01,-2.675115820792882126e-01,-2.993739897523137183e-01
5.957172291076247017e-01,-1.636358068768171137e-01,-5.379442323800055492e-01
5.989726992862813848e-01,-1.056238978114519833e-01,-2.926093013430412504e-01
6.942626850146631501e-01,-3.157957343836260977e-02,-2.052545244408794656e-01
6.836983677239741874e-01,5.083592696416761730e-02,2.600534579827198378e-01
6.815162107755886600e-01,6.637777271355685405e-02,1.171349199509037931e+00
6.779039605563712545e-01,5.591700797596930311e-02,2.390639778264056936e+00
5.786010197945548050e-01,3.632727320365852774e-02,3.053402326705646708e+00
7.535212384651569506e-01,-4.389469792980042750e-02,4.236390531338524390e+00
7.896096162105945560e-01,-1.327337628943514036e-01,5.872216694216215949e+00
6.460602682072702496e-01,-1.633766625113713400e-01,4.562643154162894454e+00
7.442629167018064429e-01,-2.086204081588674819e-01,4.794543884743343476e+00
8.397919386865895230e-01,-3.180701186776391798e-01,4.978522495379056778e+00
8.780338818226177677e-01,-3.312510015850984035e-01,4.761729844699197578e+00
9.203451407193118383e-01,-4.564736238854367190e-01,3.940006252574763224e+00
9.366102031262201200e-01,-4.875270973340600222e-01,4.651234216871158011e+00
1.050873538713284150e+00,-6.483764683864126077e-01,2.907111647798027665e+00
7.685815909065581986e-01,-4.971371487253127275e-01,1.751869034634473410e+00
7.924356600663586825e-01,-6.147525353391155578e-01,1.849411771565281137e+00
6.913724010496264949e-01,-6.345528997563227858e-01,1.268344147411494927e+00
7.440648479055312903e-01,-6.234473661392355703e-01,1.275986088470016488e+00
7.084488465652931666e-01,-6.388228499557895290e-01,1.465526425022303680e+00
6.173908727066406144e-01,-5.484960362389436073e-01,1.605303065189867873e+00
5.706828106083507990e-01,-4.721291568559114471e-01,2.128485116747778960e+00
5.826090315440132228e-01,-4.596428880646839521e-01,2.830108109090955004e+00
4.904554031569233752e-01,-4.079303530832222302e-01,3.136511465173770219e+00
4.455861379995631477e-01,-4.001069465882431953e-01,3.810421770730159974e+00
4.262529404319179149e-01,-3.933913094087175821e-01,5.494164635692111887e+00
4.703159097718099813e-01,-5.391699456278065128e-01,6.569407551152805169e+00
4.940086805969970407e-01,-6.835820088693828067e-01,7.289953412437373714e+00
4.144373631144476766e-01,-5.776692649078623010e-01,6.418301249547429421e+00
4.788464345584825810e-01,-6.426137920209183951e-01,6.094656203087324364e+00
3.643698352868650625e-01,-5.007416990643203114e-01,4.748062212196291654e+00
4.648876347299581990e-01,-6.434568234285809041e-01,4.804172579158577427e+00
5.124764041864459108e-01,-8.323749202919811241e-01,2.780308185398675747e+00
3.835673642129683314e-01,-7.865680728102611985e-01,2.864984607743812806e+00
1.808559768382724142e+00,-1.244710069332240376e+00,-8.060586685173085186e+00
4.888355363457922986e-01,-8.297282128566265680e-01,1.320311203267768185e+00
4.720595447003884670e-01,-7.867067877824941435e-01,7.533712854644877277e-01
6.024801985655119374e-01,-8.425922757074518765e-01,-3.274183827543288294e-01
6.460247379743608853e-01,-8.921796389100390412e-01,-5.107047212561462990e-01
5.237450398069513069e-01,-8.151290017830058465e-01,-1.518183696624010315e+00
5.623914203685592694e-01,-7.839126234906498292e-01,-2.135026163365413510e+00
6.981923257536248872e-01,-7.147658821500636472e-01,-3.064231039361189346e+00
5.102291123247952864e-01,-6.768404389642643793e-01,-1.959397831933419987e+00
6.612131471223348100e-01,-7.839562498892681530e-01,-3.335770391673603452e+00
8.876605472226170024e-01,-7.467565902622678164e-01,-4.263181583602165148e+00
9.242528818278309410e-01,-6.843140466184680637e-01,-4.014682414110992248e+00
7.803979670386781420e-01,-5.175003095627586092e-01,-3.329216446048471667e+00
9.358807209146823292e-01,-4.406343214974997591e-01,-3.366017615951542030e+00
1.401511516236954025e+00,-5.315023676171174438e-01,-6.744674890754867036e+00
1.288014384661066325e+00,-3.690278889173223553e-01,-5.844461116525537570e+00
9.867998722559329083e-01,-2.069303002351085274e-01,-3.492427150897972954e+00
1.004752744455965852e+00,-1.154446887010319722e-01,-3.396807069531433410e+00
9.754611143119342742e-01,-6.774075604238566362e-02,-3.286302440806484704e+00
1.055319034614267348e+00,2.114448374322302864e-03,-3.291331641948841646e+00
9.784493010045538508e-01,6.869664598722877158e-02,-2.881421412726898001e+00
9.099430383359324859e-01,2.035676938390495183e-01,-3.275979930858618161e+00
1.106442893174615527e+00,2.476280432020236122e-01,-5.466650272423476231e+00
