4.165482695760276854e+00,-9.028377172647672477e-01,9.467573716774012327e-02
4.165494326116406576e+00,-9.028245670907331100e-01,9.467237757881724614e-02
4.165485395079816300e+00,-9.028252726264480721e-01,9.465741680530156965e-02
4.165492858570869039e+00,-9.028203855377849862e-01,9.466287442484580539e-02
4.165486151789902003e+00,-9.028168842620964973e-01,9.467729578809910840e-02
4.165482435206854461e+00,-9.028323728600819997e-01,9.466911852850165565e-02
4.165479774642371957e+00,-9.028265056714575021e-01,9.467422671397093814e-02
4.165481066734494142e+00,-9.028516841521423419e-01,9.467162601351376827e-02
4.165484218586741783e+00,-9.028368596491760378e-01,9.467619576271760207e-02
4.165480775867650642e+00,-9.028523244795949587e-01,9.466247887643020054e-02
4.165496292064632122e+00,-9.028159179890413721e-01,9.466776471302615348e-02
4.165476079483645400e+00,-9.028047875725710991e-01,9.465771888816369717e-02
4.165031885188851923e+00,-9.023239854981532915e-01,9.486895010063498002e-02
4.164781058898268107e+00,-9.021506522886861834e-01,9.490364377131278728e-02
4.164526894337147844e+00,-9.018368688486659845e-01,9.497570043830121100e-02
4.164153442784059855e+00,-9.015044127737286139e-01,9.490939329332750973e-02
4.163646192418480219e+00,-9.010345479175769778e-01,9.497861581479351278e-02
4.163417601229689957e+00,-9.008568875307538804e-01,9.504694307661450126e-02
4.163320970199865023e+00,-9.005614552815448537e-01,9.494731266240949430e-02
4.164577906742257696e+00,-9.011321388419046841e-01,9.535051585696975585e-02
4.166867491102047794e+00,-9.026504497297145324e-01,9.533607803700272498e-02
4.169867814852044496e+00,-9.048679278808058335e-01,9.517351847517514785e-02
4.174122178477594147e+00,-9.087311323969364807e-01,9.552635598198826183e-02
4.179243259635233798e+00,-9.127961474034003153e-01,9.539774747508285302e-02
4.189167855058412826e+00,-9.207786766659902256e-01,9.543836959156798416e-02
4.192825546276445436e+00,-9.237155895644537651e-01,9.565659903583660639e-02
4.205244774882312520e+00,-9.341129138811632426e-01,9.545259356827816288e-02
4.219998770688948575e+00,-9.461635474073575303e-01,9.585979122696695887e-02
4.230960527488091039e+00,-9.552434730650987138e-01,9.580659124411933236e-02
4.243027648872507385e+00,-9.652322880691281970e-01,9.594044432706856640e-02
4.256015518239906648e+00,-9.759867637674917162e-01,9.613185494963717714e-02
4.270206199212975839e+00,-9.872029331880789460e-01,9.600041254232018206e-02
4.285376622044942962e+00,-9.994241102361931528e-01,9.634368506853158154e-02
4.301655099777896396e+00,-1.012412725303613481e+00,9.678175327823576590e-02
4.318827301438156852e+00,-1.025926789039551590e+00,9.658209001925392723e-02
4.337275889124443395e+00,-1.040529778511296577e+00,9.693033275737686361e-02
4.346938344119755548e+00,-1.047838739916092665e+00,9.724848835395122348e-02
4.356589838025120898e+00,-1.055243914306910558e+00,9.734605514760422129e-02
4.377454176640180883e+00,-1.070802078604832452e+00,9.744736223024280664e-02
4.388005886036538961e+00,-1.078851547936845678e+00,9.770900263132376029e-02
4.409658881791387763e+00,-1.095243576493467375e+00,9.846038237866351628e-02
4.420474708114850770e+00,-1.103611789620682959e+00,9.872976759616651499e-02
4.442451279900023309e+00,-1.120530669149483849e+00,9.859642507572070891e-02
4.509770653122639139e+00,-1.175581322052245303e+00,1.000988252756751934e-01
4.570451867797667767e+00,-1.227217384335745232e+00,1.003798322552904576e-01
4.620511779649952189e+00,-1.273868935442242112e+00,1.002806034905349558e-01
4.658028993571662113e+00,-1.310487611773852201e+00,1.003827594460798556e-01
4.695569376738322198e+00,-1.346788866286815933e+00,9.995172828885849625e-02
4.732570764693477372e+00,-1.382779609434346746e+00,9.974282709104492772e-02
4.757044543428020411e+00,-1.406405589044706250e+00,9.957711289550406908e-02
4.781890852189783381e+00,-1.429509499461869559e+00,9.947465778354031007e-02
4.819667518702054565e+00,-1.462558875058891594e+00,9.940249157719310835e-02
4.832348823551211758e+00,-1.473302420117271083e+00,9.917304497024254095e-02
4.845261707771795656e+00,-1.483909632905102693e+00,9.907085239151525169e-02
4.884964389838382992e+00,-1.514050383975856784e+00,9.881672462667225043e-02
4.922978957126225907e+00,-1.541639941320127605e+00,9.899201391437201236e-02
4.972208930733190257e+00,-1.575657972656548500e+00,9.939175146046952403e-02
4.996063558303379004e+00,-1.591777160076287778e+00,9.933993785436205648e-02
5.019752450121403697e+00,-1.607767365196825171e+00,9.918304388543304484e-02
5.054846387994866852e+00,-1.631476764930797074e+00,9.917204386074390809e-02
5.089560348894112352e+00,-1.653725937473858876e+00,9.931513278692459534e-02
5.113346431022123717e+00,-1.667430255440921938e+00,9.896317383345240581e-02
5.137210429008083779e+00,-1.680216361477939735e+00,9.900102948258988900e-02
5.173533013361296007e+00,-1.698069962042256353e+00,9.895767174578203040e-02
5.197118907225029893e+00,-1.709406802550355264e+00,9.920752717476449822e-02
5.208352440804590699e+00,-1.714949165756110228e+00,9.918735432591860302e-02
5.242062124519695665e+00,-1.731343396354578124e+00,9.864252121717134725e-02
5.273653632470692187e+00,-1.746734251668248028e+00,9.880936058388703480e-02
5.293471177559291974e+00,-1.756785318435469812e+00,9.807240104202383235e-02
5.320798930864792275e+00,-1.772005091812257183e+00,9.828465392697234571e-02
5.338410194842385437e+00,-1.782030577981581043e+00,9.792282930800090546e-02
5.367063449783979756e+00,-1.795774917473459631e+00,9.791516623702886668e-02
5.386780598849306934e+00,-1.804953457809213457e+00,9.830047507096277559e-02
5.396495719506853916e+00,-1.809558408375592009e+00,9.817945122629269383e-02
5.438452400264004005e+00,-1.826648156288375180e+00,9.787838382676782023e-02
5.460823075089192180e+00,-1.834670067649486480e+00,9.788077870876889242e-02
5.495283667303842989e+00,-1.846955751020262770e+00,9.690587491950615473e-02
5.529398309400034073e+00,-1.859316566404324078e+00,9.718165283610051552e-02
5.552267049017812539e+00,-1.867424718366160530e+00,9.674166806778398964e-02
5.576682224750532768e+00,-1.874926711510727095e+00,9.669372471185457008e-02
5.600744882690447568e+00,-1.882209588039500447e+00,9.614016391049112764e-02
5.635346066208399840e+00,-1.893302807107472008e+00,9.626420057321953550e-02
5.657535398695222817e+00,-1.900215003017731163e+00,9.598154463564698147e-02
5.689215508802321963e+00,-1.910507793607423510e+00,9.615398480831140182e-02
5.710485474638930192e+00,-1.916990012127288034e+00,9.595032629383681844e-02
5.730120516600474723e+00,-1.923739539516387209e+00,9.588471237540956149e-02
5.749074706879538255e+00,-1.929239664611856364e+00,9.596616250984170426e-02
5.758663211618313404e+00,-1.931577528228545004e+00,9.594698403935038311e-02
5.786715174959550900e+00,-1.938183848043685709e+00,9.588099578722625305e-02
5.821802865589491560e+00,-1.944692554196119305e+00,9.562408823515612666e-02
5.845866924189646596e+00,-1.947665992972006377e+00,9.563279209320896257e-02
5.861286983073816792e+00,-1.948752521269965898e+00,9.541376030814936737e-02
5.875659574451178813e+00,-1.949619425079833768e+00,9.544011284011336138e-02
5.882703779482200801e+00,-1.950476205498657745e+00,9.538633023942302835e-02
5.889839427043447095e+00,-1.951101465644520472e+00,9.526532135810726609e-02
5.896572540606954682e+00,-1.951877596948031535e+00,9.526856234713632077e-02
5.903162021115947233e+00,-1.952496575110942878e+00,9.522289064193596719e-02
5.915753359790945964e+00,-1.954033613020774718e+00,9.525988179186442584e-02
5.927705393462368022e+00,-1.955805563595101049e+00,9.552143079212209453e-02
5.945198484569129249e+00,-1.957761931036184899e+00,9.523916242189077452e-02
